80,90,95,99
0.010363847314088015,0.014963984048459777,0.018493366443172565,0.04275158172642067
1985.0,1986.0,1986.0,1989.0
2024.0,2024.0,2024.0,2024.0
34.0,36.0,38.0,41.0
1.5270103985646957,1.9886265165422756,2.3407587986831757,3.721798101038159
1.839198350911289,2.7089422792107154,3.003115968312201,4.130029453385856
2.7400767331470455,3.5702531035674383,3.912337869478467,6.187149106909899
3.5822032983160454,4.350384648987429,5.352547832189437,7.572652427859925
1.7076857413983682,2.1666290970383217,2.6954501441903975,3.5299492462420776
1.9576298148604359,2.516417804700481,3.147917218276957,4.107758016379075
2.7882458289382583,3.510560984802332,4.1124709802526045,5.981611571976231
3.4880260921852226,4.240198037085761,5.226564407188415,7.788045050512665
0.6658243217271789,0.8350385373499472,0.998916266083075,1.3191170538870027
1.0060034238415139,1.1138067742164592,1.2528106198743505,1.3676206223326268
0.3333255588474282,0.3773040190215511,0.461716835585551,0.7133321210730896
0.17394986119687195,0.19093059073705865,0.2321811349528642,0.35440794692679
0.26689282845963014,0.3960254359089985,0.4160002148483821,0.5879757118635869
0.7372447466125247,0.9482984421718279,1.1835590071764077,1.45453438904016
1.0060034238415139,1.1138067742164592,1.2528106198743505,1.3676206223326268
2.140788727917048,2.9309782463582046,3.570644621924899,4.405455140672369
0.4633993254343991,0.6039544861141835,0.7798065203188496,0.978889152969387
13.938085524190072,18.149610047065387,22.929167129198376,33.15834342759826
1.8828262486582759,2.230662711852702,2.666593836278052,3.8026713831939567
0.03511175395322559,0.04227042427566789,0.04748444643364601,0.06143666929572827
0.6801774902661251,0.9004135734452312,1.0624004140096468,1.263082492061078
0.48912077016757305,0.5201157891785355,0.5849024952542408,0.7814324222204982
0.2682942461531778,0.3438314149202264,0.4359647361149731,0.6777442940884695
0.0382126007568393,0.041342058633802914,0.05197175681443966,0.05579766845112499
0.178580202105306,0.21214340784862973,0.2638302795183103,0.3233293538914435
0.056081973575831334,0.07010948871671197,0.09467331449667782,0.14112602062194846
0.03782973507095222,0.04759594473636375,0.06245197820757531,0.0867421641277677
0.13856563963124024,0.19200603284929274,0.2741054592581449,0.41293910644352805
0.39510985570933876,0.5486320299195402,0.613209816436143,0.836290649248852
0.5489678198792136,0.6327696657085613,0.7412966729453947,0.8430912605937504
0.35474708233279695,0.40624340058527686,0.5116917379116048,0.8538683928925985
0.07327823751840179,0.09419854611088074,0.13198889300765781,0.17371812379873175
0.18724722024841367,0.2545745432708686,0.3034090530393297,0.45182210644583387
0.08378806542369222,0.11863737199276425,0.1334324082734133,0.1758922579889166
0.052756865933,0.05871060222147273,0.06599782539831067,0.08270319779804214
0.2702068708582246,0.3776564540353117,0.48643538262943053,0.667762051442458
0.29132029931331616,0.41547541286307244,0.4638562477495629,0.9504362312148658
0.6150046787483006,0.8758538661490958,0.9544696739283616,1.1845555862982797
0.2428910974591487,0.3305428103764019,0.44746144260331233,0.6700746911497061
0.09242761010965883,0.10372529773780403,0.12068702607924675,0.18010392395271158
0.26911632350884185,0.34546879437801525,0.3994847464561646,0.5655030325013751
0.12135236067365995,0.13630001811593218,0.15030593350692056,0.19410787409609687
0.06653268749491303,0.07470705991280413,0.08144112171522644,0.09966200826611538
0.30306666725986897,0.4076120160438279,0.5458698402302717,0.7790696966717894
0.5529472224980125,0.7687771489220161,1.087567607827224,1.9643988088626063
0.6571259653221286,0.8381499894862641,0.9443912116782718,1.277430110438722
0.39870593623969586,0.48619899714024295,0.677061551267005,0.9976985059742638
0.16715682496471151,0.21187333155995436,0.25182970549871175,0.34959917017409775
0.3746366662232332,0.5189518033912367,0.5613950763761713,0.7933555695049976
0.10380176021081655,0.11588420911029917,0.11964610244913043,0.18613048659303857
0.053720137048683725,0.06021525106329795,0.07071840436235416,0.0803472654837018
0.6121211405857121,0.716958971117176,0.8564859070353359,1.0827604662149994
0.7503597414682162,1.0925010884477075,1.4096794707846882,1.8003265539804196
0.68457790581934,0.7600288151625065,0.8482648743080592,1.1779627068417975
0.22370150828850163,0.27656206678594975,0.34456713673130457,0.6445140794923221
0.2219810898047756,0.28941167833126435,0.33034684044386964,0.6665608426033858
0.5633239699848458,0.8139725487654488,0.938425966661157,1.1691329873697902
0.10343492769901363,0.11659831834187839,0.14734249785913667,0.19616246506694335
0.05064756674775026,0.057892099269428954,0.07429383339716533,0.08938773213970941
0.8268006316609897,1.029017755263478,1.1917976452447263,1.7125014907933078
0.5349442281874719,0.5816617488733362,0.6457020095846282,0.8916336215478071
0.6375098559547823,0.7839345474592969,0.8518062835657507,1.0073893810973158
0.267085116425266,0.34493806400224103,0.49194197101575665,0.6773879176404338
0.003315180656705219,0.00438462431620068,0.00588599438233306,0.00945508329559508
0.1706378446454686,0.20756459867557941,0.2741193287490259,0.34697668052304564
0.06294270252079724,0.07950246464557242,0.090793845690885,0.12603099381485405
0.05896240322401414,0.07118498361038045,0.08248884512205801,0.12310206213920881
0.1718883666868436,0.21104027617638366,0.26306710616484175,0.4330578617382246
0.44838676761727214,0.6583148660237477,0.7708268541561836,0.9261987226025248
0.5477682447793115,0.7050966642592149,0.7962239355752043,1.1725968578372563
0.3316761775299403,0.414172764188519,0.5242827474769677,0.8074605652768388
0.08962095448649254,0.12314137474250941,0.13014793540172276,0.19929999980561552
0.21625113359602866,0.2905590107890257,0.3526586105032645,0.4997303285494388
0.09552925866347461,0.11537159647424478,0.13746187561240308,0.1842658570483917
0.08282850745975812,0.09567500275098118,0.10757320624202582,0.12957824907632054
0.32886757893854046,0.4543597139516393,0.5829191373660674,0.8059306102085656
0.8061438225171322,0.9555334824875228,1.1490653737963967,1.4432279598700042
0.6645173475034741,1.0015840298116743,1.1999862342709697,1.430266354735842
0.26777598428785665,0.37409525513382724,0.48006533599257595,0.6709834832090003
0.09868468708964362,0.11199045491812942,0.14455876266185141,0.18614981037647227
0.3581456775681491,0.48659054680243363,0.5314299023937532,0.7626467048945527
0.1133715458566904,0.13383176808336117,0.1475618459211514,0.22618312806815588
0.07894934891845562,0.09489235446467048,0.11319220165227284,0.14219492084739072
0.4119418544808173,0.5324560509883227,0.6434036354062442,1.006596713235723
1.2874291971157348,1.517160447593504,1.6336675065860256,2.117599243155543
0.7671574890228179,0.8972097078000143,1.1260027624733837,1.4095906717820883
0.4266592350198595,0.5343870817319779,0.6834414190998537,1.0184809378934356
0.30307479839226614,0.3898631258213463,0.4771169125997847,0.7216307867118587
0.6899550140045717,1.0222786580320493,1.1506473919682048,1.4182035914058768
0.12512921458451265,0.14752789707370706,0.1722774740796753,0.22454070719367358
0.07727747079680325,0.09544763420668056,0.10580142047019081,0.13179706347670717
1.022694016550986,1.40760886846979,1.5513534004794387,2.1271372709669123
1.8490609356029495,2.2561950457856135,3.0990480594430494,4.3113277100663225
0.7406067234979261,0.970041457809109,1.140783722286736,1.2354011739030017
0.22916371120086484,0.30288297368208306,0.4020450498320194,0.6408542591768398
0.5247892503218967,0.6700139831041465,0.7952527250486519,1.1292905695138176
1.3170385213519324,1.976571103623586,2.0840111760543936,2.5738055866465945
0.10255742479838714,0.12630777610684962,0.15116265687676544,0.22306737881852623
0.08508629111529309,0.09589737970203482,0.11146661899877364,0.15068563699606619
1.90419798311315,2.246787917747305,2.8395617433861453,3.9682203822756534
0.5410520859483383,0.631576282591265,0.7651517423791132,1.082245649219125
0.5363462410217061,0.9440984938987919,1.1456284765617983,1.2898642469817667
0.265162427850726,0.3139286649002527,0.4610832987927738,0.7004158652215463
0.023313794938240817,0.02558246367708772,0.028502566068737023,0.03382344019279582
0.1802413743926663,0.21513546095743918,0.23988737827552897,0.3273682197118528
0.06391278939850964,0.07983214044052733,0.1082764671265819,0.1391415259994748
0.08862561751088094,0.10439863163675106,0.11408063008934799,0.15233024290638225
0.20323857073395324,0.2576074419435961,0.3038944684291618,0.5351987433156533
0.3781415745277208,0.5831886154504851,0.6856067684222302,0.9882475743397912
0.40145340899079685,0.5337250850942246,0.6062154411242942,1.2520642296348719
0.33734370213708487,0.4043297404428059,0.49048645909679345,0.809161174655723
0.06350527059460864,0.08813235491756721,0.12720938440728302,0.23633945347100083
0.2537076136757137,0.32719682898726,0.416707835796831,0.5577026136232512
0.10234734558042247,0.115129476293103,0.12584615076615968,0.17802676707229903
0.09200815519173866,0.1135449467744506,0.1271278153709543,0.19015518079216998
0.3838958541158197,0.5083859217632716,0.6189412791485616,0.8358563657583123
0.9644876107822817,1.3640951402522479,1.5652567898386067,2.0071398239784166
0.5464502800963515,0.9651106597630985,1.1892724586883094,1.4045761703237378
0.2896432272919368,0.36911823499549473,0.47672295191412395,0.6850103861639327
0.13204771578717533,0.1553812889367987,0.21298883656636836,0.29703449045048114
0.4184177103135349,0.6075570246308244,0.6764219969489487,0.9195363495691649
0.15152399101459846,0.16577089252704447,0.1886859870188191,0.23062493225371483
0.11226017333427296,0.12215545465622357,0.1342914178781407,0.17251663688180094
0.5607607648296096,0.7797839354580471,0.9280891583419548,1.2962132282179322
1.5003981881366908,2.093251949650025,3.1243346344256544,4.096504518572544
0.5954129249038393,1.0180788390998154,1.1101518033472937,1.2557155996322655
0.4430222426881316,0.5369104189175296,0.6472452909370457,1.0032990176071115
0.3919266230174827,0.4644744676521366,0.5689583404978364,0.8729161240648686
0.9872735241926218,1.5431024039195052,1.6136511729911356,1.889790844463529
0.12493826520965623,0.14976113833436955,0.17178215779634687,0.25654907072364663
0.10700619152369245,0.12932860399695317,0.14887825532316268,0.1765114858916621
1.4393310394753094,1.6475005339761015,1.8982378345768751,2.9707652334635313
2.8022931475516373,4.153791838552223,5.084258493110113,7.763643158977499
0.6666334571161032,0.819397032972006,0.8974901013829033,1.1835519767450384
0.22326410907599975,0.2770040431833563,0.37578516169058973,0.6540039945257541
1.0227281549591964,1.1876936833769296,1.330352359595432,1.9052180277001902
1.8294642122415805,2.2066851439504216,2.9021340642286226,4.148749007002649
0.1347530401865249,0.1674516551280476,0.19653694504262376,0.248116933921763
0.10078716799920961,0.1225819921259017,0.13759357775183267,0.19508351901471577
2.7902720523683016,3.8545213610717783,5.060023253535071,6.60154238457455
0.3681538341665682,0.5402295814517286,0.6677360760221056,0.9292694462301476
0.2828896361749351,0.3922612114410504,0.5336659772897878,0.7779803018452456
0.2564631061481306,0.3201504384264381,0.4614973027449926,0.6755762082374681
0.01756829642013391,0.01800777244378937,0.01946331649848343,0.024555351752975407
0.16048529117134464,0.2125702408055774,0.28252703602616047,0.35977457738309193
0.06584040579835793,0.07458468791015793,0.08417414904143983,0.11385880339982177
0.08550482725586128,0.10957253520062848,0.12101619561601185,0.15657072743823663
0.1953910570694668,0.2462911418597038,0.30653214747186297,0.4536850011376501
0.484309092225514,0.6417629970874419,0.7505523039388358,0.9999144385924869
0.2810134782377913,0.3579278530197678,0.4815746833867043,0.7928562300353725
0.34466021780658873,0.40142220320817135,0.5340028147331626,0.8141605308887456
0.14957467870450647,0.17417137119138282,0.20591213727714974,0.28155765189542525
0.29536149600890305,0.40118826551862874,0.485729114958096,0.6515456497952383
0.09164769839916787,0.1105234917734137,0.1333468675219692,0.16569715326677253
0.10245947791674215,0.1334949764538369,0.15369366899657866,0.18256641315972133
0.3914675823603515,0.5585383842458977,0.7137772698537743,0.9187638508097695
1.1551593208199158,1.4014367587051346,1.689848316239992,2.3732963834328533
0.5578747218260673,0.706872791999059,1.0321599760593143,1.4392785624187798
0.2900720143719574,0.3729698266726547,0.48334795635087535,0.7150452772450892
0.23510051063395876,0.2685757571715115,0.31119695071970277,0.4870523466709198
0.4818833133109779,0.7106271858649351,0.7401933224951048,0.9986281854105374
0.1535333005717745,0.17772914505627968,0.21287244716925446,0.273260995786337
0.09115892658894831,0.10790143586134171,0.13604954469375932,0.17819806089633672
0.936527248351787,1.2215344480227266,1.364252568259026,1.6393693124990492
2.427123174681256,3.6156462898628874,5.201473926990104,6.782685171395613
0.5745256237227574,0.7740908275161358,0.9344956761895684,1.2562383605455052
0.45187088016323695,0.5281454987215506,0.6512272106998505,0.9790284785856933
0.4767565444139148,0.5574297355729383,0.6142914737614895,1.064924464899379
1.1429766609088254,1.7518803829150524,1.8662210838436213,2.258146432395991
0.14822585235100405,0.17766362814964243,0.2055654743565828,0.2788899905101463
0.09774093211351742,0.12084088194278109,0.13356493897547517,0.1839037802288358
1.5886026543607294,2.1300896170309542,2.867375026592768,3.9138145077038082
4.516348666433785,5.938234104037026,6.966044022711117,10.801336482752355
0.6603660938260205,0.8346813523406116,0.9606769016147574,1.1970279532404309
0.22684980496529156,0.30710671059423245,0.3794565823799839,0.636571857650486
1.0078888100146344,1.2863291818759919,1.4444295498165687,2.0747468579959243
2.321357197961042,3.347096896957666,3.900643925850745,4.689526118760657
0.1627018883426068,0.2042063649284076,0.24444074971536,0.303934357758275
0.12325049995198445,0.1547313609406416,0.16504208344936588,0.21737527818191058
3.3413696797245507,4.821307656100572,6.431120501065948,8.32324239360979
0.41816714087088336,0.4440277004064779,0.5421628902521842,0.7406370829155839
0.1433333442107636,0.18330797088038908,0.20882629666521302,0.2791576030988603
0.2810561583502602,0.34470044696886704,0.42399088100502924,0.6781429382598678
0.03206109590403283,0.03371907276449604,0.03890681714229416,0.050222174572737345
0.16370856735003292,0.21374979195345967,0.2724381401767966,0.3898244590179443
0.06308170654901657,0.07683123020005134,0.09111787844825114,0.12788501231315327
0.09154005034595625,0.11598588812624877,0.13302379056256952,0.16762121083614487
0.20780704162283303,0.256673881040407,0.3188377889243341,0.5292860836539537
0.5578470222965741,0.7189238373995899,0.8636946816270867,1.043104128287542
0.17378424092025702,0.2183629708250887,0.3195261417673718,0.45825916629364327
0.3205306535123937,0.39008035834025345,0.5036241183101124,0.8619076299493016
0.1749067703008227,0.22582183430902875,0.2808237458924179,0.40160643200889146
0.3262406071917967,0.4265885668171303,0.5115094637100261,0.7012877204752781
0.10406813532528492,0.12108209789073143,0.13546726659085095,0.2074332690514482
0.09029688753707976,0.12591711998061617,0.14274445289443083,0.17243585599632216
0.4755729384222036,0.5358398676614913,0.7469433763039893,1.0502492631231277
1.3116046483786903,1.8741344597841376,2.400697712593992,3.3284517664101396
0.5502610965521844,0.706041322434138,1.0783963100421534,1.363798693197385
0.2804929053197338,0.3516743921574287,0.4790256703498347,0.7413970030353794
0.4675018198965901,0.56429543061925,0.6563750177723673,0.9253226888706645
0.5488117160635695,0.7803577888522248,0.8839978839756322,1.1312010108948505
0.18164609298759338,0.20284857585781824,0.23030862249317607,0.324396092705058
0.10370729060325534,0.12767431743640822,0.1525655642385242,0.18419736048646462
1.1829730755809962,1.816334021095626,2.0990231380263253,2.8590175924924868
3.136194519232248,4.753105043391834,6.557467491062312,9.163066084962153
0.6405502829134333,0.7669962659592364,0.9504744526323634,1.488350510799883
0.3938295255635137,0.44839480134866155,0.6134133814939695,1.0147639929764982
0.8008016616732316,0.9488794778325467,1.0934654768296497,1.3820917422660841
1.181564575046398,1.7463246573973024,1.8364695495850611,2.204872495308956
0.18118973605879773,0.20749370923767607,0.2357436213824601,0.281931143107089
0.08348532718824475,0.11282806314979782,0.12963225460238204,0.1585165858892622
2.001194102034354,2.7773097092986205,3.5305701272789944,4.38629807356763
4.888523815831988,6.4189035866259445,7.517653582284893,10.338408577901546
0.6475146631188302,0.8576989111378897,1.0565630996155946,1.3653172395223567
0.23864798325929826,0.283972149997441,0.32809290367085653,0.6487509275554568
1.6573388406791487,2.107831903085035,2.7068819597783857,4.142234180363816
2.151606249449321,3.059517365019202,3.579527674159978,4.3006992741731045
0.1910203623140454,0.21541826523073482,0.23906816671009157,0.31368243875060897
0.10912205502465255,0.13224769863417962,0.14362886452580848,0.17907581137545292
4.62071441611009,6.2927187997148195,7.355896251630767,9.523854439402996
5.695238842489623,7.889473689749309,9.022206861692183,11.92777910801071
3.86604304211329,4.869709681945139,5.47496637419091,6.64084251160244
2.4510298042013723,2.926628949577019,3.677270139477976,5.115041093985262
1.9108653413021486,2.4280027797631547,2.9165887162025435,3.941223956131873
1.5134923088782326,1.7990117124925362,2.306693374767965,3.101544027011389
5.414253634819566,7.646098092833384,9.023038318953592,12.489801492945205
3.3266906154813505,4.492837733000329,5.295279690658095,6.370292285957085
1.8079698861239208,2.7279512786768656,3.178915680801998,4.1007844108007845
1.5011261371655955,1.7970395128986354,2.0081603054368014,3.3131332008964094
1.3464319931367985,1.7187701033056833,1.9659692647221299,2.813034642017571
6.53157210118075,8.986438732017454,11.323354447178946,12.901234601656121
3.319687692052515,4.483383761586403,5.166912525667456,6.289979067592082
2.010842821811652,2.5378771550619774,2.8695530553404858,3.6814420442324263
1.306256191148485,1.8135894948022013,2.2459818922787136,3.033592698121489
1.092586743715854,1.3658990296054352,1.5883852211256464,2.277496584213244
5.411475363155375,7.79767386142165,10.722939620352747,15.216553483063528
3.3502884202405134,4.092922481989915,4.705915104137356,6.234797855175927
1.8719963617485575,2.0339003504969178,2.3846994197820153,3.539088354561324
1.3015941226606706,1.556147194694197,1.8444958908154057,2.4479652367011866
0.952975632770757,1.2178284950698703,1.2531129238692609,1.8399454023107857
5.231970280257993,7.810866072246952,10.523702329036254,16.326815128775664
3.0350410262763443,3.9554098238601263,4.490344145426141,6.226167108637999
1.655953385969866,2.060736307175329,2.434429548903629,2.928135018769801
0.9205611651006524,1.3452345643741153,1.4775860489144446,2.5276889626772103
0.8858325899405468,1.2101810117971503,1.3270329583659843,1.8776469035337588
7.4409868947963815,9.52265422131456,11.42452069658868,12.977530197577211
4.369782853995442,5.176467094796678,6.177333056862615,6.967026629625558
2.7909819544091454,3.4581927830970187,4.141775972629009,5.1557107253259105
2.167114732004471,2.4783480208436766,2.965546650082082,4.417024260301858
1.7776720102401171,2.2569555730289146,2.488676203771348,3.61615602871486
6.641050730084999,10.066036413722202,13.252725489063366,14.760035705048239
4.520440577833796,5.413703466779445,6.14240432673698,7.4915296282461235
2.511162608092773,3.066855356950402,3.4073839658621914,4.396735594950886
1.715472656563783,2.3063160506218168,2.6268359122772518,3.7409540583515835
1.523215670557562,1.776985681402243,2.0730204050581307,2.7504759736633346
6.173184670796424,10.654411163183177,13.149200759079918,15.998773908617636
4.081961201867468,5.158863232508658,5.8629518324788705,7.0288776862488405
2.1526535296781546,2.63262076467457,3.117953861351332,3.8500182767313937
1.6794704068937918,2.028228024729578,2.270226656831994,3.019804922147493
1.2977737950892478,1.6201409047876831,1.8891430672812124,2.5046047675277032
4.713081144935032,8.605975635489912,9.464926297409654,14.558572507032792
3.5183025275355533,4.51295471851823,5.1685969338891375,6.587435553526916
2.1295714325330444,2.7292335670283094,2.8715638330799287,3.72701558744129
1.4147046948675541,1.620411868877067,1.809343396325879,2.5995746261650847
1.2494703406226826,1.3966498082878809,1.653481415321119,2.0547847789157814
5.786574401943028,7.739194654972216,9.45440376542457,15.578470710753516
3.655012391176818,4.542773436140523,5.22892481352482,6.929977256341882
1.6965651796020182,2.1127680764545786,2.581344815685018,3.1073731273385814
1.5640622445559984,1.6928830094215455,1.9214174698199464,2.463889951657812
1.0040487067418375,1.1846927666120495,1.342359331086322,2.1295109783898996
7.749475838882521,10.82825972755792,14.195722006109982,19.34064397238201
5.549447898193648,6.758162327424984,7.440378293907339,9.74111666795152
3.245819157760323,3.9959430560856184,4.588185534597855,6.025805975716779
2.270278143540215,2.6949479686498634,3.0199805315673593,4.120333501418145
1.8793453444437915,2.2880696733067936,2.967288858681755,3.8138010569781096
5.588491033924399,8.32209079329116,10.900334600163418,18.18528567325091
5.310863826980935,6.317021022816419,7.20106280877939,9.421523929384563
2.855239940719038,3.7151602517306297,4.384174959050075,5.522102589214781
1.9631661776018774,2.5425251233035198,3.0598958305657504,4.172949477475436
1.8388972030017534,2.2555731695214476,2.6617999929970413,3.6166913909000264
5.3504829995427485,7.287054495268016,9.181496318936212,15.34807691101335
5.082802148700054,6.267910064857048,7.390861313518329,8.889391056276281
2.650256006283932,3.1293528049652153,3.6690464828440064,5.270939275707111
1.7599287397966066,2.4135892573838778,2.769038319647704,3.827883972992712
1.731517861078462,2.0509548425548836,2.387298993139485,3.5719973060571952
6.855540147394208,9.729084439292514,12.032797414094219,14.088282501008464
5.529017073584065,6.721568071149349,7.940353229172388,10.059206316907744
2.0942808428551274,2.6711968242949897,3.48710896361845,4.805034261144183
1.8033140547534794,2.120808909774933,2.7020901747077275,3.8789937525816605
1.3177795828393313,1.7419696666096005,2.106447129861003,3.0551126362196914
5.064263938857287,6.588403839357145,8.312085472022694,10.38865076498287
5.243020282280881,6.542042679209921,7.449159960243179,9.218309471251782
1.9600904295021362,2.226735377659221,2.8836303870411037,4.226374269791604
1.7504411728299312,2.1836582687853534,2.6658904329316844,3.4369887947129643
1.1151328729803964,1.5138168139365487,1.9932707792667408,2.6348021510421233
7.960348529205007,11.880043758810373,14.455430930339304,19.972260541615917
7.535593345566518,9.265708841179519,9.974355739134488,12.504963054137093
3.4989321968722997,4.580003929743569,5.159974094065809,6.487935520144648
2.406312420791899,3.038515965556634,3.8197106150290026,5.436612544727446
2.0777462850495034,2.736623389935243,3.248832078677758,4.541110885036208
6.345853865108403,9.271168770824445,11.403384196206368,17.38937456663021
5.686965612278861,8.413539358611349,10.271311340750131,11.449274374431297
3.152487972057436,4.129710465562873,4.757077082637807,5.959229388167628
2.6249878124898878,3.1543512690005535,4.02903851786086,5.5493475989686605
1.9847410163714467,2.495320184261215,3.175852903518086,4.098815731018789
5.2768910899951464,8.822469010262488,13.508075977171174,16.699373384373203
5.6718665517710605,8.94029592479069,10.100022110091267,12.20100502161624
2.8686057776503446,3.800550010847985,4.6299238150531465,5.667022836522737
2.2393757707270296,3.0553057951269533,3.726743840526634,5.116016485911018
1.9298207584623306,2.4863125274968887,2.9771075503335167,4.290216985970055
6.41200941852621,6.96948144680735,7.473536003549434,11.736033377313213
5.6861146624402465,7.9636433117861145,9.84731252695201,12.318399914099444
2.2801154950476104,3.400575935079001,4.112639519195,5.34549259733458
2.337552731922619,3.023526908568968,4.029343012723416,4.917048083020383
1.7851925009722152,2.3099406896423282,2.792906713990913,4.003861700774264
3.873811905903885,6.308090370907934,9.015098626214993,10.106333334643068
4.065172668931069,5.7598497831107665,7.849258804898405,11.2037803032388
2.629971243915737,3.385932131356718,4.079888136040319,4.755830576256798
2.3149941744027913,2.805039185204503,3.7708983496542015,4.7354322568805145
1.6576217667912216,2.0243198623189667,2.494859496614364,3.6980690748082274
6.91517401167901,8.319781929780603,10.318278511106634,13.599696531377528
3.7315357255544246,4.988000719556759,5.451137331515428,7.503350202160982
2.6061748670361897,3.0713542488360623,3.4445876004550655,4.631960627142657
1.8350450122258124,2.5723238426917057,2.7899176095038776,3.8641061493913718
1.6805911630614752,2.0397685792638427,2.3215203708846346,3.1677508357639326
5.991999480998068,8.332069843321428,10.688857839785172,15.84218216903659
3.719013771055357,4.737303894254666,5.062729405428605,7.171609927936322
1.8187784056104377,2.6463942066919603,3.2416001358887616,4.027353321531755
1.6490596372969613,2.156020177030678,2.7634079675154304,3.414887723467322
1.4938294514175872,1.789747667073824,2.0874633363724677,2.994743446099682
6.767904868783745,9.198485019050501,11.81070648952602,15.288974503055123
3.30444240793161,4.073434682236866,4.69559319632112,7.306410843717053
1.74405056653581,2.4891500810674785,3.069742320667139,3.6743589041661124
1.4460235082533615,1.8914215676675799,2.1323012811375204,2.991488416652242
1.1775009015320785,1.6364538930757835,1.8658146750418882,2.3598617734080243
7.744348717757461,9.901586879039584,12.56710600070019,16.703062466728777
3.3369608203715337,4.158550264373666,4.751253573390063,6.329944122453902
1.4661063900857503,2.2141428103778953,2.602344788146251,3.5225423495193127
1.4162803771819883,1.5027148219603168,1.7010409611191086,2.520990600536747
1.0835718840536375,1.2818919376873683,1.5211787459023807,1.956893588526289
6.073665022581295,10.430382985635568,13.443389671245434,16.51818552685767
3.424192517029857,4.275659135086672,4.863179369315372,6.4566485038838906
1.4143105732664898,1.8783970182902205,2.258353843476594,2.8935076864562417
1.2561239232837504,1.6215342947805924,1.8392245601771613,2.183769831223847
0.92186490461419,1.1111923330977396,1.1801452557694239,1.8120304750588536
5.7459944490544395,9.336321655927328,11.796093660749424,15.168219243140172
4.442283713866788,5.731767704379742,6.502305624057733,8.530247660777661
2.626684499016342,3.431481564847985,4.1458030762065565,5.301366196078103
2.113447705572675,2.492904367693015,2.929284130241678,4.492511915320586
1.8026441183391952,2.1830131627140155,2.684538690270049,3.890667377717462
7.788806505814939,9.742868565576558,12.394259810702014,17.513676026872954
4.005777026459381,5.144018637346818,5.796503450944364,8.126769293302672
2.2954267066982794,2.7721888397306387,3.3620283373070574,4.7857496101416865
1.8787273356236511,2.4770895185664266,2.8306411360515185,3.8915629785978165
1.5844917826482003,1.9848449327379214,2.2138277423571537,2.841081642199166
8.57211366171073,10.363657413125047,12.723199512679681,16.92145558285747
3.8179891354071422,4.648207335753334,5.37148146111625,7.7394495646211325
1.921007850301507,2.6745105728784964,3.321220504826714,4.047809911354463
1.5162861220492196,2.0572808875661908,2.506328521771742,3.3205185058588
0.9746208485317762,1.443329134053723,1.7283815299024123,2.734750219355558
6.518596935028562,11.234905873891279,14.276765900758221,17.169305581771418
3.9178991903216946,4.508005676208146,5.23752019560667,7.475820310666695
1.7429826346260437,2.6501820117973427,3.2659215121777336,4.288383990597627
1.5504136697758373,1.7463607389570281,2.152327064899481,2.6913011183934903
1.1529109049354425,1.2998407076676157,1.498416215507639,2.2579138659651967
5.254402451243909,7.7906342474951416,11.928661140412565,18.09114811352007
3.0728740590467574,3.7083300242554103,5.1123504446609225,7.543463127487563
1.4758505792627865,2.125636949753935,2.561784346441483,3.3630783904296067
1.22586203355573,1.5947346832084932,1.9416118058515526,2.5875398167936305
0.83906021692877,1.090616988147202,1.30856243877935,1.7725634963537695
8.82021641726536,11.582580882417265,14.370280372704073,21.547428987054055
4.476190062271382,6.310044011715647,7.857631545306681,10.567707543009522
2.5107192717601095,3.725661311863117,4.952355197558475,6.745673102358915
2.5189139658582604,3.359005878056344,4.391146519052263,5.545939053028771
2.128735987086724,2.7047930939956757,3.3723016546912827,4.196792014931926
7.784770325990046,10.18399762242586,14.790208801766646,20.61594807222764
4.493031476696927,5.476763230490974,6.789620761299592,10.405879846630434
2.6922802298253075,3.5620632614805103,4.476534002005394,6.266724255265156
1.8672600817078902,2.668339819119573,3.5012079800203857,4.775001002840911
1.853780852517204,2.196416116921121,3.016394477389028,4.138600485493422
7.49822898595481,8.601022517765557,12.702496631298587,20.62363699904949
4.626397169668202,5.7527793650309675,7.836031335632995,10.483820549327028
2.4077769607652897,2.8163639245470744,4.386330547245848,5.825414652195789
1.8882401091209573,2.497533741259094,3.153382846575706,4.124973577672723
1.684620163814528,2.148906599730399,2.5232257783992083,3.5072318351785907
5.252453519993175,8.43267332780006,10.676304890016574,15.144087822639527
3.524548195404069,5.106148308132802,6.171545466866674,9.734887207889575
2.2123693050658044,2.922340235490669,3.835015488960198,5.491920565926847
1.667150371322892,2.172576071244009,2.734645794141678,3.775768927271425
1.4566399498909455,1.9737165899027573,2.409174875158511,3.168808756615258
5.187470583882259,6.798144733322076,9.462185659502804,14.267575450624484
4.072355255120183,5.6226000920195744,6.8401438530431875,10.049887686155518
2.1346627010766532,2.7595984040465495,3.318920025951977,4.722367171324368
1.8514645355911892,2.274000521543101,2.644268791895044,3.5586041895236864
1.4202642615410284,1.5525167913722946,1.967829147439673,2.500372338313218
7.657101031790759,10.311195185073146,11.648454707276343,22.572716149202066
6.304953664074738,8.928505937275581,9.925647072322406,13.168574666005995
3.5871287337231124,4.963493101921873,5.169852501603742,7.314975557071187
2.5448059688667826,3.364963025775097,4.313345810025687,5.50145969324737
2.2039728837854504,2.8723925945720445,3.7200773450255085,4.893722051794608
7.338027379762934,8.512915832143293,11.587268394929133,20.848806222208253
5.584811112304813,7.831217688168382,8.691737281719337,11.532548774748157
3.1106389502137404,4.521421440719138,4.954158072169257,6.361221255579856
2.5045015005375255,3.3081862298161564,3.8595275703049836,5.593616076993447
1.8589833631621673,2.7202248339058137,3.2849470007867367,4.461810804798038
6.358588419058556,11.604674904231548,12.280730707838572,16.537196276979273
5.039468968189709,6.6934568136330554,7.628366305066686,11.683946702458625
2.7934592843820365,3.982572593648076,4.777312996475175,6.593939381219755
2.5689678437241206,3.3858271147587367,3.946667264899034,4.985554214859642
1.8855806868972436,2.467830990996129,2.993709604679129,4.175223657606097
5.022052330948036,9.488755863946913,15.707687424746574,16.501441078327872
5.22036634619657,6.53284925512099,7.701628225143857,11.02202100476135
2.5442631093335457,3.6265762536110167,4.200173302485766,5.41363894967467
2.3579117438106914,3.0652303574207376,3.6589386211788453,4.954356801574928
1.6494099511007336,2.464141142466275,2.86408337819105,3.7212375586142343
4.67179500384967,7.660404621958228,9.928248779252499,16.195113479235985
5.876729859133775,7.382738532721426,8.022079322312752,10.111388961343636
2.2354054203947236,3.0012338655991684,3.8357234004461773,4.903983548520676
2.215035661174883,2.80231447455596,3.5752466393686078,4.3386379804019395
1.7416292704791037,2.1142153268361064,2.481568785271377,3.342920583563137
0.5132462018444617,0.7763092689176876,0.9245727882411092,1.130878457646661
0.5434971365322188,0.6432034527283017,0.6818123798697382,0.8202713134392507
0.2683510989733801,0.3471406006166682,0.4680987286008379,0.6752203104882765
0.00250000352996943,0.004557289107620266,0.005613376698706151,0.009707695985949838
0.17891838079959077,0.21634106054082877,0.2633057415538229,0.33610110375842117
0.07111667449242765,0.08384439541761357,0.09238808771306029,0.13435395034863729
0.047856638065393586,0.06412568838927457,0.06979488837975134,0.1047373082340013
0.16086475104706643,0.19267331839039858,0.25374645363081205,0.4325233537209328
0.4598659709665247,0.5959955202160101,0.7283281685302843,1.105987652802522
0.5731245008343895,0.7133292909707438,0.8253468247127014,0.9532537975803771
0.3302421036328549,0.41149129224862724,0.5213560024694333,0.8180099396214805
0.07927375307323126,0.10523043299477548,0.1231905494966945,0.18517215219039185
0.19105071667249307,0.2698462987557375,0.3396669944015084,0.4791441724464003
0.09945277351126114,0.1188737136562601,0.13518510764093072,0.17054509065156243
0.06800947768714682,0.07586748749733885,0.08548155909756272,0.10726416435609876
0.30926535949048706,0.3813789815027544,0.5182955607709303,0.7364688455247688
0.42972500474925823,0.4887437226307618,0.5657798662862312,1.0663864603333337
0.7030196032993032,0.910881086042407,1.0626225323296712,1.2909378132087586
0.23793802112986462,0.3614372348039779,0.46272449810328553,0.6630144729929826
0.09356085112926005,0.10950268436502109,0.1317329478333591,0.16445328168663864
0.30005624643361095,0.4030906504302645,0.47542197346708814,0.6646088806168806
0.11028699144877363,0.12204138663543329,0.14269615099717825,0.2227111612806918
0.07440899596973016,0.09118916686694722,0.09771354296284807,0.11677065907518981
0.3821867849230509,0.46645756379473724,0.5784470504802588,0.8988100990835557
0.6973836109613849,0.9892846203793039,1.3319508561908533,1.8618574452153247
0.7258321087387856,0.9531325687912684,1.0376760853239357,1.3997073594833953
0.4148478796249425,0.5036623949104306,0.7097285777894436,1.0020892525533438
0.22066967639415935,0.2937228737448523,0.3582276491006029,0.5313806028152896
0.5151814863625397,0.7438605860788443,0.8044562951245724,1.1087999826315704
0.11671321329540106,0.13734505730114055,0.15728565845789966,0.20643991372266157
0.07222388163164584,0.08343153142648929,0.08938303517965318,0.09584023509738056
0.7752646938689338,1.0346420362666446,1.1386128485997133,1.5953223899794402
1.7406099402108381,1.9539865391131883,2.2708220834065957,3.0672083258630893
0.7823337353458375,0.9668781120758214,1.0624953314888934,1.2264121596082767
0.2276989477380436,0.3019618232753146,0.3972809053247577,0.6506292154979803
0.37694997174128986,0.46417816888589325,0.5495927419963049,0.8376434280000714
0.9010269940291051,1.361023196724057,1.501374598908705,1.776128163334576
0.10392775870735171,0.12241990657053003,0.14932174703056322,0.19667998520088092
0.07865551041618712,0.08864298852174834,0.09750635964325827,0.11677436094678373
1.4164257855706506,1.7422767631356528,1.936133033264749,2.535882667986801
4.737371642959971,7.084941656157856,8.760678038791514,11.726683341920449
3.9109313570325206,4.671753129898729,5.362829634033218,6.654024621120248
2.2195045161688967,2.8058168421248553,3.6243423742620067,4.451852161931107
1.4602796349599458,2.0180062673226153,2.533833021899447,3.828433276662903
1.1867851060822687,1.4863144450168573,2.170418625140405,3.0692062144145247
7.169419595307115,10.86229095226426,13.00030479334896,14.643065243912574
4.419230374759813,5.46751462247532,6.413473054645479,8.056188778618008
2.5032625604214402,2.9011127708504727,3.445637734156623,4.6833204398186155
1.8462652081321824,2.478643363136687,2.7691820238017293,3.9058717083193883
1.495506834218876,1.8394186113810846,2.258891373999205,3.4876308110300425
6.986660614116674,10.10099532040141,11.383857324944671,19.907869531524966
5.418866117003084,6.3423766975920834,7.117225010575439,9.450399907148938
2.97881975896124,3.6834398406425066,4.63148341899123,5.594862584848448
2.2770244122453374,2.606108699807674,2.921068290901191,4.118424166823975
1.7490328392865084,2.289100514087293,2.7167066927952206,3.905393567519784
8.17742138096876,13.717535951757498,17.12995253569119,19.888477200821868
5.990361237504938,8.706450880733442,10.250031325955542,11.695141550922106
3.350433457898518,4.338329934681468,5.237396962359362,6.060917946376193
2.4314384036778414,3.2732156237977463,3.907604700296126,5.573465386830058
1.9826170032541306,2.5700128945004326,3.248354523733717,4.657445805067038
6.6302767970845515,8.890610875602295,11.371323866788224,16.596179122058622
3.6868781156012265,4.762013144384465,5.269772391228399,7.426301974774473
2.2209191490841267,3.145568027397749,3.419049846386889,4.2599990499917375
1.917307973482167,2.396688636629184,2.6478365933265806,3.526710368421888
1.595822119497484,2.000736848384646,2.1834420117534403,3.0833472602287326
5.962205221196768,9.013173461457,11.456809931203416,16.548225073668295
4.158414652116033,5.2860342313120015,6.044018826463564,8.362894775483667
2.7192385257722336,3.210506509109475,3.5568449496064076,4.736169766220631
1.8098729404329248,2.4240433265298,2.75992467739375,3.969190369576463
1.7376818496448383,2.3041296291748026,2.51916345268301,3.4841465900261213
7.104504318227683,10.989689757384355,14.656090568128647,21.32778126268383
5.038871536218171,6.282763009240654,8.046890762803464,10.907173195790861
2.6703284322460608,3.5860035650999897,4.717634259693945,6.492401045222145
2.3193030605258826,3.0786461603809183,3.7581378888607038,5.097463772667555
1.913937271505226,2.3346659118956907,2.6522935805146197,4.159199420733847
6.686934900350629,10.348237902727739,13.40298925726482,19.50799099292012
6.157873109711801,7.543251352643068,9.052703471225406,12.2689114332467
3.558175636556598,4.600919853365063,5.398642475764447,6.515208203260009
2.5203944165586947,3.3476425948931965,4.165560482060682,5.389080126485041
2.0414419526704144,2.6140143584763393,3.385362848162149,4.634190167683846
