,80,90,95,99
hdi,0.020662388181032665,0.02558322220304543,0.030432395748495024,0.052820532316009146
first_year,11.0,12.5,14.5,18.0
last_year,0.0,0.0,0.0,0.0
n_good_years,10.5,13.0,15.0,17.5
dh_mean_20_days,2.97169256801366,3.7069202002053143,4.288707533282648,5.215826733024125
dh_mean_26_days,3.777333211104944,4.507210489703178,5.046719137125834,6.047680843845727
dh_mean_50_days,5.202200285581385,6.146546682316352,6.843299170362391,8.391785291939474
dh_mean_100_days,6.871910980421987,8.029906662075259,9.107385977556016,11.168963373852105
dh_median_20_days,3.423268333388487,4.042852743545774,4.60929863881988,5.278021594931398
dh_median_26_days,3.7426280681511956,4.578445121568826,5.164624011157392,6.15329415653126
dh_median_50_days,5.0347694587314304,6.260378265935216,7.01529929662569,8.479443045806793
dh_median_100_days,6.694005464273662,7.91497123264047,9.188103571383026,11.681249637924347
res_dymx_std,0.907520398982307,1.1310736871652216,1.2863687104753574,1.5427090344090253
res_dymx_top50_std,0.91167598581506,1.0911592628363858,1.3203904523818908,1.7145379314223557
res_momn_std,0.46166344036197104,0.651642949906535,0.7593314407888752,0.9528160514872958
res_momn_q75_std,0.29757656392752696,0.36256073460642946,0.416594411853525,0.5257718031619292
res_momn_amx_std,0.47155103557393874,0.5760221032438007,0.64900011212803,0.8459369885909029
res_hf_dymx_std,0.7474308025098659,0.99838413065401,1.1485532228786006,1.511567024928048
res_hf_dymx_top50_std,0.91167598581506,1.0911592628363858,1.3203904523818908,1.7145379314223557
tide_dymx_std,3.8745397368763763,4.8669870322928555,5.608473503311542,6.880584288589977
tide_dymx_top50_std,0.9095172536690355,1.1109980914487139,1.2709089898095791,1.5431707642722956
tide_range,24.756310259377486,32.22774611642752,38.17041016230665,52.14354669480533
skew_surge_q99,2.282157866255842,3.126841738341696,3.985397224184961,5.063223603188208
skew_surge_storminess_factor,0.03475495200659452,0.04098734374069237,0.046258580919385214,0.05968188047443904
slr_total_Low_2020_2050,0.94095984345042,1.1630271799824756,1.3245041619053273,1.5885009770324652
slr_ocean_dyn_Low_2020_2050,0.7273665750082605,0.8377954369922331,0.9410274093102942,1.0633807725053999
slr_vlm_Low_2020_2050,0.3699010026579216,0.5087652859565118,0.6319432381466061,0.8669437104448977
slr_ais_Low_2020_2050,0.051408027015423796,0.08384420907397105,0.09165900151613693,0.09386144251413442
slr_gis_Low_2020_2050,0.30122310003560415,0.35057491070622837,0.3857128130920256,0.42596402319944837
slr_glaciers_Low_2020_2050,0.10488924425708124,0.12610515751696516,0.1451921667149576,0.18602721671811273
slr_landwater_Low_2020_2050,0.036687374885686116,0.05197681605802684,0.06727415116693393,0.11433918506332882
slr_massdef_Low_2020_2050,0.3151596658287197,0.38268029874954856,0.4395407398270505,0.6045415987555938
slr_total_IntLow_2020_2050,0.5485214833729324,0.6708858573369642,0.8065337237378692,1.1973853422020613
slr_ocean_dyn_IntLow_2020_2050,0.9634347481649473,1.0700686290047177,1.155212842473059,1.2657396641729448
slr_vlm_IntLow_2020_2050,0.4530093616198645,0.5743407504860558,0.717250765360812,1.0110396157240702
slr_ais_IntLow_2020_2050,0.08566658139215977,0.12091844782937194,0.15341059016821249,0.2513979942801118
slr_gis_IntLow_2020_2050,0.3594606715917037,0.41858775537116705,0.46458501879797653,0.5808927657772865
slr_glaciers_IntLow_2020_2050,0.16457318499982065,0.18958730185188877,0.20714361868707432,0.23831884423159017
slr_landwater_IntLow_2020_2050,0.09390965834884091,0.10735443290328675,0.11440567672305497,0.12710618439407298
slr_massdef_IntLow_2020_2050,0.5715388191604349,0.6690435668207206,0.7381328399467401,0.87871407416067
slr_total_Int_2020_2050,0.4917003084902465,0.6213447349751746,0.7719694943729029,1.2238306028433998
slr_ocean_dyn_Int_2020_2050,1.0586845058605592,1.1792149839049162,1.2832079719316893,1.4880393993424712
slr_vlm_Int_2020_2050,0.36155494137272015,0.5085525415790769,0.6455821960049015,0.8874101439611156
slr_ais_Int_2020_2050,0.0962581800698692,0.13197380160762484,0.1814699364409393,0.2839810543976656
slr_gis_Int_2020_2050,0.4984943563604848,0.5807083051458967,0.634175763169599,0.7616192707483939
slr_glaciers_Int_2020_2050,0.2076944285152429,0.22810771836069288,0.2453379045882256,0.2868710505113814
slr_landwater_Int_2020_2050,0.10505795249671677,0.11505277551713022,0.1254173732727213,0.15073528092729388
slr_massdef_Int_2020_2050,0.6179490271940509,0.7480354404824023,0.8561655588685602,1.0271103838897653
slr_total_IntHigh_2020_2050,0.996016024697548,1.2673982486199225,1.5448954788957403,2.250041632548726
slr_ocean_dyn_IntHigh_2020_2050,1.0808174110424789,1.2166541023889406,1.3586117466897711,1.6305186784012524
slr_vlm_IntHigh_2020_2050,0.4870592518150515,0.7143641236123123,0.8737762922824427,1.2285243306363258
slr_ais_IntHigh_2020_2050,0.2915273670914891,0.35039369571781975,0.39536473216725093,0.46897785671185444
slr_gis_IntHigh_2020_2050,0.7227099749619561,0.8047205482186249,0.8731114797735046,1.0497972712831292
slr_glaciers_IntHigh_2020_2050,0.18912372790982332,0.2078561293247474,0.22802263912879775,0.2806329497732044
slr_landwater_IntHigh_2020_2050,0.09125245748852584,0.10991223541025408,0.11850854928522996,0.13025609636041857
slr_massdef_IntHigh_2020_2050,1.111147115334905,1.2387439921873034,1.3459378520553893,1.588871525310753
slr_total_High_2020_2050,1.3862846131376863,1.9156748013609217,2.3078418197375576,2.8257132874849864
slr_ocean_dyn_High_2020_2050,0.992278585968243,1.0909879617474765,1.1953462702111706,1.505291175366429
slr_vlm_High_2020_2050,0.3131902720190641,0.4323905626490644,0.5661268282825541,0.7617081505501025
slr_ais_High_2020_2050,0.3501053738852571,0.4610834559997171,0.5859921193783482,0.9427495073535308
slr_gis_High_2020_2050,1.1143775064042376,1.2719807694717007,1.382829199726143,1.5823966557149136
slr_glaciers_High_2020_2050,0.2034182412269372,0.2329586645030724,0.26248785696675725,0.30929660826011274
slr_landwater_High_2020_2050,0.0801712114968326,0.10545047022220502,0.12321286469376447,0.137729670109446
slr_massdef_High_2020_2050,1.5688129082329958,1.7809376427213959,1.956217045825067,2.3487753125896487
slr_total_Low_2030_2060,0.6149700678070484,0.7491900075549731,0.876054429844709,1.129631827770009
slr_ocean_dyn_Low_2030_2060,1.0170244335071252,1.113000998797895,1.182718158727755,1.2991780835624782
slr_vlm_Low_2030_2060,0.3761906488195442,0.5332624077920306,0.6458456228004085,0.895438240215227
slr_ais_Low_2030_2060,0.005847973282531949,0.007688795229591118,0.009429744097492164,0.012039099537431434
slr_gis_Low_2030_2060,0.3060560999017811,0.35904792710421174,0.3997168393836232,0.46214649132290453
slr_glaciers_Low_2030_2060,0.12815858505733857,0.14363123422492025,0.158646214867536,0.20522098419624218
slr_landwater_Low_2030_2060,0.09162934626873706,0.11282979598168391,0.13043988795747447,0.15454993599431083
slr_massdef_Low_2030_2060,0.32992988608776974,0.404390045407397,0.49563753924273096,0.5914269454913915
slr_total_IntLow_2030_2060,0.6983881636625933,0.8940887519470639,1.0264120457818078,1.2689765346572284
slr_ocean_dyn_IntLow_2030_2060,0.9823284385338851,1.1461269409797503,1.2987192449635954,1.5488804914851513
slr_vlm_IntLow_2030_2060,0.4337991718956925,0.5756509943552321,0.7116292536627986,1.0035264797616474
slr_ais_IntLow_2030_2060,0.1516362712398086,0.1784839846002565,0.19742409422415408,0.26105670338804127
slr_gis_IntLow_2030_2060,0.4183839714318116,0.4960685956404898,0.5457216456122289,0.6610667270498984
slr_glaciers_IntLow_2030_2060,0.17886458673265704,0.20435322616699655,0.22469721933715325,0.26077965388424307
slr_landwater_IntLow_2030_2060,0.13194754264350736,0.15551440704604702,0.1725281803317893,0.19292265521761054
slr_massdef_IntLow_2030_2060,0.6911829235323084,0.8182342000633077,0.8997198904372765,1.0608301059864114
slr_total_Int_2030_2060,1.164444427052238,1.5186117213617045,1.7769954086994204,2.0114815326529687
slr_ocean_dyn_Int_2030_2060,1.1422896767897934,1.3861499435519997,1.538736593439718,1.7054386121604859
slr_vlm_Int_2030_2060,0.3964639260686245,0.530078892994296,0.6390896390170796,0.8868869382222084
slr_ais_Int_2030_2060,0.13697108312955888,0.18874467334529,0.20854260409828504,0.2594448744264858
slr_gis_Int_2030_2060,0.6555941540585861,0.7501725282172635,0.8265993568522647,1.0001393440754156
slr_glaciers_Int_2030_2060,0.21449791557570447,0.23805606448769318,0.25897194903706305,0.33441358442024116
slr_landwater_Int_2030_2060,0.12597221034306516,0.14670064089036783,0.1645448978345708,0.1982147734857642
slr_massdef_Int_2030_2060,0.828750083519386,0.954101077507587,1.0821852601607143,1.3492666251956
slr_total_IntHigh_2030_2060,2.075003980094774,2.403422987421123,2.683741445847833,3.1997073648546945
slr_ocean_dyn_IntHigh_2030_2060,1.1553790591765472,1.3475957845849327,1.4613379017632893,1.7490588492154833
slr_vlm_IntHigh_2030_2060,0.5386433557971484,0.7237964013357837,0.893883498167306,1.2231061841783657
slr_ais_IntHigh_2030_2060,0.5285640280913828,0.6563707807816515,0.7399991322542956,0.9271566765756406
slr_gis_IntHigh_2030_2060,1.3529869808411135,1.563488182573316,1.6902340479617026,1.918707475055758
slr_glaciers_IntHigh_2030_2060,0.2360303591387658,0.26526307496066404,0.28727064472536634,0.3605695000345541
slr_landwater_IntHigh_2030_2060,0.12773691802063436,0.15523453531916728,0.169021183863993,0.19476069835840534
slr_massdef_IntHigh_2030_2060,1.8749940947999129,2.2028108684598764,2.42551084652783,2.903055567661297
slr_total_High_2030_2060,3.484806861134582,4.349541804505856,5.172798800722475,6.197938202011187
slr_ocean_dyn_High_2030_2060,1.1291396888555099,1.3190603432924815,1.4264587202755679,1.5951658614098805
slr_vlm_High_2030_2060,0.3493309098205133,0.46917249471810507,0.5867631027815441,0.7872850107219281
slr_ais_High_2030_2060,0.8878969215135051,1.074038897944099,1.2247695797619382,1.4747924356498117
slr_gis_High_2030_2060,2.560264480013294,2.9755902648179986,3.2286208915861754,3.554146126100233
slr_glaciers_High_2030_2060,0.19904991962927987,0.228969624068109,0.2579806425913205,0.3164009752502861
slr_landwater_High_2030_2060,0.13698422419614698,0.15663977532231899,0.17703115541148673,0.20355580933830605
slr_massdef_High_2030_2060,3.555817139144631,4.137621375437144,4.6655373917496625,5.580056245751986
slr_total_Low_2040_2070,0.6767947770816445,0.8227161995194158,0.9852307356629255,1.207546453618916
slr_ocean_dyn_Low_2040_2070,0.8889105021640917,1.265565172154386,1.3802468387859446,1.499963119465465
slr_vlm_Low_2040_2070,0.357916294301295,0.5115555495454723,0.6250450693275167,0.8876416385698054
slr_ais_Low_2040_2070,0.005145213612852184,0.009264323180335432,0.014434612251096188,0.049283511558684844
slr_gis_Low_2040_2070,0.3012074305732955,0.3417097574623371,0.38080160029646176,0.41815593924007644
slr_glaciers_Low_2040_2070,0.13631517128554693,0.16331994414693227,0.17767948802522876,0.19815714575208188
slr_landwater_Low_2040_2070,0.14050391568486065,0.16922192893097,0.18225599786625574,0.21587002175236655
slr_massdef_Low_2040_2070,0.3839652068392696,0.45684007915475355,0.5394752463909755,0.722288090192702
slr_total_IntLow_2040_2070,0.7081937422555455,0.8865286330681883,1.0356527556473654,1.333253665373558
slr_ocean_dyn_IntLow_2040_2070,0.6951594972435032,0.7804235348115776,0.8623118402004742,1.5090403951511675
slr_vlm_IntLow_2040_2070,0.4168364603544261,0.5602236612315659,0.7089121389513475,0.9904292481991399
slr_ais_IntLow_2040_2070,0.08529994337011372,0.13423417102513202,0.1947364176155142,0.28561227924786103
slr_gis_IntLow_2040_2070,0.48722796438871363,0.5799586999267912,0.6233515725963448,0.7389952032829344
slr_glaciers_IntLow_2040_2070,0.19434668640417532,0.21099590428828208,0.22285723528481977,0.270488248299245
slr_landwater_IntLow_2040_2070,0.13091631942959414,0.1662299546747444,0.19310789002263118,0.23225178759657877
slr_massdef_IntLow_2040_2070,0.7628341314865699,0.9080455541150965,0.9931831904396179,1.2063978372901385
slr_total_Int_2040_2070,1.7072720937355932,2.005155220852034,2.2736352875708814,2.643658383785084
slr_ocean_dyn_Int_2040_2070,0.9950432704950191,1.345104569862528,1.545480542879379,1.71282941501467
slr_vlm_Int_2040_2070,0.4064166078851973,0.5517131176963963,0.6797689012432727,0.9151057949286519
slr_ais_Int_2040_2070,0.23527245241049308,0.29312001463899723,0.3348360313754087,0.39114377881146045
slr_gis_Int_2040_2070,0.8169195124698706,0.9288950548522736,1.0165408039279216,1.2018458839609036
slr_glaciers_Int_2040_2070,0.2739815343601114,0.30173860651635387,0.3227881414270646,0.37562767639142997
slr_landwater_Int_2040_2070,0.1597739303410868,0.20133435641275113,0.22920606855613385,0.257407439834113
slr_massdef_Int_2040_2070,1.1651639033981454,1.3777371101701164,1.545009992346354,1.779461736171492
slr_total_IntHigh_2040_2070,2.705085370695684,3.544223173867085,4.314635267122878,5.219215295461066
slr_ocean_dyn_IntHigh_2040_2070,1.0841467658121378,1.3288788035602013,1.468069047311501,1.6052619430715558
slr_vlm_IntHigh_2040_2070,0.5266901146445241,0.72571940344636,0.8729140620781821,1.2201413041682605
slr_ais_IntHigh_2040_2070,0.6351474132651891,0.7745167818885297,0.883684587848036,1.0604927350401239
slr_gis_IntHigh_2040_2070,1.9689303076074092,2.252697299073824,2.414002570643558,2.6645446158214514
slr_glaciers_IntHigh_2040_2070,0.24368411898994757,0.2741653081411213,0.30910490949220637,0.36372833692897666
slr_landwater_IntHigh_2040_2070,0.15633681314315612,0.17938734144910962,0.1964636732788465,0.22158053132847255
slr_massdef_IntHigh_2040_2070,2.5828515484347623,2.896210392614173,3.162503931366011,4.1470128531954416
slr_total_High_2040_2070,5.6857142297318575,7.005698129805262,8.315813458903875,10.518626483742272
slr_ocean_dyn_High_2040_2070,1.070878855958017,1.2353052775238371,1.3482264072909649,1.5111673108922126
slr_vlm_High_2040_2070,0.3434075028172156,0.45236727144396854,0.567356606520309,0.7859184719710174
slr_ais_High_2040_2070,1.6398910535921516,1.8709273284539754,2.175485106247507,2.689857310974295
slr_gis_High_2040_2070,3.5632826625210474,4.225591043720138,4.782694947795356,5.633644529951184
slr_glaciers_High_2040_2070,0.26956828210651906,0.30251309793348075,0.3307968254848365,0.3868197137278974
slr_landwater_High_2040_2070,0.15056584050012878,0.1898250303050311,0.2093807269353876,0.23796836900573343
slr_massdef_High_2040_2070,5.189268984603665,6.619147084255587,7.47969777547486,9.005149654234225
slr_total_Low_2050_2080,0.6725749453961658,0.83738749891147,0.978961620929326,1.217647590558185
slr_ocean_dyn_Low_2050_2080,0.5419279993318511,0.6535946531496235,0.7465932165081688,0.8909143983171453
slr_vlm_Low_2050_2080,0.36353474939715386,0.5284235239583976,0.6500386607242206,0.8954212758847936
slr_ais_Low_2050_2080,0.012479764534938265,0.014662795572263854,0.017408461723981805,0.02281391387713203
slr_gis_Low_2050_2080,0.30478632546334694,0.3846060512811105,0.41234165603649975,0.4795481435126015
slr_glaciers_Low_2050_2080,0.11413467622215323,0.12716646996453482,0.1418126433904987,0.1609472786140793
slr_landwater_Low_2050_2080,0.13799248365883454,0.16966057454560757,0.19328075226221034,0.22162028558563807
slr_massdef_Low_2050_2080,0.3978307136728314,0.4632463282263028,0.5166433153357165,0.6919081414699124
slr_total_IntLow_2050_2080,0.9331317368353013,1.144451772837479,1.314002388180981,1.6038040627665948
slr_ocean_dyn_IntLow_2050_2080,0.503882101735897,0.5831104920232502,0.7122085203249844,1.0320574925808177
slr_vlm_IntLow_2050_2080,0.4788520206230159,0.5999320231797576,0.7578156408849719,1.0366696326821965
slr_ais_IntLow_2050_2080,0.2001747200677365,0.2597895119461575,0.3392821525437024,0.4490623180596991
slr_gis_IntLow_2050_2080,0.5550920037864584,0.6392645228848253,0.7000639971789928,0.8493802632525447
slr_glaciers_IntLow_2050_2080,0.1789713853999199,0.20108844641090196,0.21555383064983333,0.23876750001977087
slr_landwater_IntLow_2050_2080,0.1730131823412706,0.19747727571522322,0.214843795712078,0.25772987785601437
slr_massdef_IntLow_2050_2080,0.7926940958730446,0.9771274853495054,1.0709417537431738,1.2796505139325192
slr_total_Int_2050_2080,2.067174359921334,2.422016538444744,2.75310942730248,3.275919331602375
slr_ocean_dyn_Int_2050_2080,0.957725378192651,1.1851165456888841,1.4784645852977012,1.767425796259516
slr_vlm_Int_2050_2080,0.3990825746194604,0.5387379295994057,0.6555349047577107,0.8983103275004939
slr_ais_Int_2050_2080,0.3809685342971982,0.4624752546860902,0.5154261180860152,0.594856358643114
slr_gis_Int_2050_2080,0.9443939767187842,1.0557395442516693,1.1599184196891095,1.3455163177126719
slr_glaciers_Int_2050_2080,0.2962467301264218,0.3332815348990601,0.36634849191452323,0.4343475866452967
slr_landwater_Int_2050_2080,0.14241331286473555,0.17873071537760246,0.20457777469429217,0.23623338966849897
slr_massdef_Int_2050_2080,1.5121781380101886,1.7627726471542733,1.9362415731283291,2.2693095816271787
slr_total_IntHigh_2050_2080,4.788897607640676,6.181290436389357,7.371225746442761,9.045570354754208
slr_ocean_dyn_IntHigh_2050_2080,0.9382335191259328,1.1196029186342216,1.2584055912771603,1.5187541392672514
slr_vlm_IntHigh_2050_2080,0.5116795637703788,0.6993281830156832,0.8498335118267739,1.1769576363239371
slr_ais_IntHigh_2050_2080,0.8799295733736053,0.9920165861504859,1.131793851039649,1.5997456536059897
slr_gis_IntHigh_2050_2080,2.3044039700992958,2.6518196260574634,2.868223719052262,3.1809852304879307
slr_glaciers_IntHigh_2050_2080,0.2934121866543023,0.3280751397216046,0.3595608999277123,0.4314080134965758
slr_landwater_IntHigh_2050_2080,0.153417458396319,0.1803614165916525,0.2000731949943232,0.23125304738117522
slr_massdef_IntHigh_2050_2080,3.0607097314938336,3.804963998768816,4.500454063685642,5.465716551496136
slr_total_High_2050_2080,8.000494316936624,9.918847257422481,11.496934614106934,14.068839962163713
slr_ocean_dyn_High_2050_2080,1.0803701990300254,1.2426467259854723,1.3324850456199235,1.526230498427114
slr_vlm_High_2050_2080,0.35412198484772694,0.4643653756795601,0.5860440656367747,0.7839786690150288
slr_ais_High_2050_2080,1.8615439602609032,2.2606990718967133,2.5575852091768527,2.981831335986147
slr_gis_High_2050_2080,4.317414017896416,5.330096403843214,5.914345874835532,6.562344586397684
slr_glaciers_High_2050_2080,0.32347217322526944,0.3622535336323305,0.39681216110788453,0.4642304576330192
slr_landwater_High_2050_2080,0.19181092385950915,0.22015307859153588,0.23505897298743084,0.2747355956010294
slr_massdef_High_2050_2080,6.229983745393518,7.98749853245549,9.201599218974492,11.382465541345203
slr_total_Low_2060_2090,0.7507470656855899,0.853298793815938,0.9454714587996551,1.1508788960739458
slr_ocean_dyn_Low_2060_2090,0.15333768106162782,0.190574683661056,0.22330723419282195,0.2782480661583346
slr_vlm_Low_2060_2090,0.3831648838973605,0.4998213888707964,0.6207161959969827,0.8533041978306066
slr_ais_Low_2060_2090,0.038562469913605325,0.05643343153450964,0.07590404688082864,0.08369644019817253
slr_gis_Low_2060_2090,0.3109855658725311,0.37344063164343977,0.4215995075622296,0.5116893181877203
slr_glaciers_Low_2060_2090,0.122547362564148,0.13892199348514128,0.15979264556458772,0.18129356594226795
slr_landwater_Low_2060_2090,0.14533564602486929,0.18257745661572888,0.20298618720417183,0.23407789737752366
slr_massdef_Low_2060_2090,0.4037215447642174,0.4800470625697141,0.5709815804204237,0.7243448679960189
slr_total_IntLow_2060_2090,1.0302375930066558,1.2543775642760362,1.4250722744774524,1.7285452994307868
slr_ocean_dyn_IntLow_2060_2090,0.33173781186657125,0.39051955151651563,0.4615375926676596,0.5817597214160379
slr_vlm_IntLow_2060_2090,0.41529448431773797,0.565450375627601,0.7362336806204306,1.0222522756724421
slr_ais_IntLow_2060_2090,0.2945598647367613,0.3525612358698265,0.4001214976959846,0.4926780602317357
slr_gis_IntLow_2060_2090,0.6272804153039793,0.7143214423528703,0.7915208224645859,0.9295362018182215
slr_glaciers_IntLow_2060_2090,0.18596352209736744,0.21198472416969633,0.23725546079177318,0.28985947047906746
slr_landwater_IntLow_2060_2090,0.15389629850134962,0.19171463933362065,0.2092879938993335,0.24507365549666624
slr_massdef_IntLow_2060_2090,0.8773196732571353,1.0149821881484302,1.1796859723498825,1.4389457620192148
slr_total_Int_2060_2090,1.941131355684808,2.8286720790555173,3.3901864583647283,4.4094159096003285
slr_ocean_dyn_Int_2060_2090,1.0429792120614767,1.2387930307436583,1.541748435212332,1.7167705186329276
slr_vlm_Int_2060_2090,0.39035786766578445,0.5422126800956754,0.6749081469846315,0.9336894995730666
slr_ais_Int_2060_2090,0.751193069215625,0.8901474261195431,1.0310017817151416,1.26715334573677
slr_gis_Int_2060_2090,1.0664717824298164,1.2231367123680408,1.3291553215738594,1.5228985184723758
slr_glaciers_Int_2060_2090,0.34126679430604767,0.37685519081218066,0.41087834124223166,0.4861542828070633
slr_landwater_Int_2060_2090,0.15835905436803588,0.19277301229426388,0.21907562427890231,0.2526512273348698
slr_massdef_Int_2060_2090,2.2795561816172443,2.8161810302846253,3.2041481590743723,3.9488983895208456
slr_total_IntHigh_2060_2090,6.478635282291897,7.767848079769184,9.205400173890798,11.342172196226183
slr_ocean_dyn_IntHigh_2060_2090,0.9763508793370006,1.1429941390917888,1.3494608158049701,1.8012765928983858
slr_vlm_IntHigh_2060_2090,0.4829931481933171,0.6710851947831148,0.8517382587546832,1.2143246057992647
slr_ais_IntHigh_2060_2090,1.3532423123264454,1.5288745192021644,1.6869374671985835,1.9788378988181852
slr_gis_IntHigh_2060_2090,2.3109039996582674,2.6401361417262144,2.863481387043594,3.1463947573606417
slr_glaciers_IntHigh_2060_2090,0.31524604228369546,0.3515452514282775,0.38221478634067196,0.4344663315855821
slr_landwater_IntHigh_2060_2090,0.13422170168814382,0.15708104993380073,0.18106526035936654,0.21547991134138453
slr_massdef_IntHigh_2060_2090,3.4779597966994125,4.405592550421151,4.991580250581745,6.363140524767673
slr_total_High_2060_2090,8.896996400290684,10.615736467416973,12.02321111441732,14.43590662616101
slr_ocean_dyn_High_2060_2090,1.110840290243745,1.3127411753004772,1.4644573148870468,1.6920646440177565
slr_vlm_High_2060_2090,0.32703163895473747,0.44014469913884824,0.573275680151825,0.7673047384283982
slr_ais_High_2060_2090,2.9113939867519676,3.463602461593589,3.850867643773512,5.302298072977738
slr_gis_High_2060_2090,4.018246499408223,4.927487509024369,5.429599098563045,5.992467912056306
slr_glaciers_High_2060_2090,0.3600544267099326,0.3956101317601499,0.4268314735178604,0.5188364437657177
slr_landwater_High_2060_2090,0.18021202654842583,0.20758277488638466,0.22617838127039835,0.26306349818603264
slr_massdef_High_2060_2090,8.14337199168088,9.892968732568344,11.124081497510405,13.73532980637092
dt_mean_20_days_Low_2020,10.169131484944531,12.477587957958479,14.972787878457797,17.638239832056417
dt_mean_20_days_IntLow_2020,6.9038517557956505,8.41735506779353,9.479946983965863,11.563474163287376
dt_mean_20_days_Int_2020,4.594462684872881,5.4316380612176935,6.121732005369915,7.431282465646414
dt_mean_20_days_IntHigh_2020,3.5130443627615926,4.199935436838995,4.688120073825021,5.609443805988529
dt_mean_20_days_High_2020,2.9071797608722516,3.3542082017192985,3.9183066480793474,4.743983420040411
dt_mean_20_days_Low_2030,10.333763990631851,12.790281861748326,14.778096900240268,18.54639292812117
dt_mean_20_days_IntLow_2030,6.418551591831246,7.63971774652204,8.717355491341353,10.878823610156534
dt_mean_20_days_Int_2030,3.9885102245497244,4.74120142094847,5.216500852195194,6.311708619825421
dt_mean_20_days_IntHigh_2030,2.915794164771155,3.330068457256508,3.6842876662187245,4.734854543430398
dt_mean_20_days_High_2030,2.50952841900203,2.952862898266094,3.305001540778365,4.150543363248009
dt_mean_20_days_Low_2040,11.467642717168918,13.902432460421394,15.285030300693261,17.384823537186854
dt_mean_20_days_IntLow_2040,6.603802749024923,7.878373426907949,8.710984834312008,10.244577586897009
dt_mean_20_days_Int_2040,3.780307423899452,4.371939769061131,4.815831196745242,5.730137785790314
dt_mean_20_days_IntHigh_2040,2.72735603122472,3.2627810563494166,3.6579518250931624,4.401738081465946
dt_mean_20_days_High_2040,2.0956082894111896,2.395578506264214,2.812811402641899,3.397627290485615
dt_mean_20_days_Low_2050,10.322377512389469,12.445984875683642,16.072286183709643,19.179927657870103
dt_mean_20_days_IntLow_2050,6.830102212827233,7.607530904022237,8.27971912055574,9.622411645830676
dt_mean_20_days_Int_2050,3.3410541270208327,3.8877543937835872,4.321377969952711,5.301470799122401
dt_mean_20_days_IntHigh_2050,2.4906301017158192,2.9071780513374312,3.219373738347233,3.8418449061673097
dt_mean_20_days_High_2050,1.8185414675975728,2.0973802897412934,2.336951967561985,2.8895280401353824
dt_mean_20_days_Low_2060,10.36125098598087,12.500512607119315,14.63963634777124,19.450074592239154
dt_mean_20_days_IntLow_2060,6.0725223755198465,6.847621517912076,7.656442423472772,9.10371918253132
dt_mean_20_days_Int_2060,2.9437493191731514,3.3804832569782257,3.890493034648559,4.731493088648605
dt_mean_20_days_IntHigh_2060,2.044442810254417,2.371974135365959,2.7705180335401787,3.5056788987621212
dt_mean_20_days_High_2060,1.8448174299838074,2.0923290524478624,2.268880467234353,2.620351537321193
dt_mean_26_days_Low_2020,12.376141352733573,15.476419155841484,17.518696212131772,20.556097967980165
dt_mean_26_days_IntLow_2020,7.854234826404863,9.50437206221249,10.451767063201462,12.633211088751105
dt_mean_26_days_Int_2020,5.295795723512061,6.2483981382961735,6.9209386291500286,8.07359969450826
dt_mean_26_days_IntHigh_2020,3.8753422950023264,4.371722258347838,4.935680529768206,6.335697852817546
dt_mean_26_days_High_2020,3.3076364679807844,3.869905870282288,4.318091265647988,5.258334899243531
dt_mean_26_days_Low_2030,11.220980498151128,15.031937971485071,17.0543620768842,20.068419999862883
dt_mean_26_days_IntLow_2030,8.425533102177564,9.800300110174637,10.718800563785585,12.466579509859901
dt_mean_26_days_Int_2030,4.627915278861739,5.314365640931168,5.888183899264646,7.030355524928176
dt_mean_26_days_IntHigh_2030,3.3826798809132406,3.996489440024745,4.449032020255833,5.478772487307351
dt_mean_26_days_High_2030,2.7764398058654045,3.1807173232466788,3.4677376416318744,4.07534769911123
dt_mean_26_days_Low_2040,11.491655623816953,15.732526392947577,18.07323720253073,21.473170005675833
dt_mean_26_days_IntLow_2040,7.689820069025786,9.029342797006041,10.011466560490462,11.619314483323508
dt_mean_26_days_Int_2040,4.1737240639477715,4.8239183228980185,5.331886223819453,6.48276491519509
dt_mean_26_days_IntHigh_2040,3.1835648341794265,3.6547576909006123,4.047194234140934,4.78964356264186
dt_mean_26_days_High_2040,2.5259705239661665,2.9029748877684955,3.2357051810504567,3.7663865328493324
dt_mean_26_days_Low_2050,9.98944193787095,11.61129388014735,12.941302279255424,17.696271494370542
dt_mean_26_days_IntLow_2050,7.055908702989761,8.110970395946055,8.816163961520738,10.058582575805806
dt_mean_26_days_Int_2050,3.8116580072896444,4.4819089151543015,4.979641835552574,5.819843348635961
dt_mean_26_days_IntHigh_2050,2.7182072443241387,3.0498656606078924,3.3707011275232635,4.007073058097079
dt_mean_26_days_High_2050,2.202138051989749,2.553607217674149,2.8281685329431294,3.248926539875547
dt_mean_26_days_Low_2060,10.060778633836023,12.258716615109744,14.286700437928413,18.816008494841522
dt_mean_26_days_IntLow_2060,6.936372583306138,8.03253536517865,8.815542982743581,10.186200464520585
dt_mean_26_days_Int_2060,3.1920842313056497,3.7931349337456,4.221262262279295,4.96587611588951
dt_mean_26_days_IntHigh_2060,2.7514715216374572,3.0392520646155265,3.2958456342841522,3.934501169262122
dt_mean_26_days_High_2060,1.9420089013066448,2.184849795123445,2.3850627793467574,2.995966655077494
dt_mean_50_days_Low_2020,13.338595199347203,16.596602799888068,19.882300162705537,23.639394579992285
dt_mean_50_days_IntLow_2020,10.195779660706016,11.698823006156836,12.94084503194128,15.027464655989576
dt_mean_50_days_Int_2020,6.34305075424005,7.026854973765311,7.731627092335927,9.304138823190192
dt_mean_50_days_IntHigh_2020,4.223478719275792,4.889051448976698,5.389468214756583,6.479098326626689
dt_mean_50_days_High_2020,3.5489473603628827,4.220105374649773,4.861043218126291,5.847918449767278
dt_mean_50_days_Low_2030,9.795346487898527,12.659356264495116,14.992968192047996,22.347716326393616
dt_mean_50_days_IntLow_2030,9.627327334844331,11.076714227747594,12.355125813137054,14.531533170725973
dt_mean_50_days_Int_2030,5.703420288936814,6.72329127828252,7.309483702257722,8.476551789387713
dt_mean_50_days_IntHigh_2030,3.7354231631522454,4.5166964308043696,5.0979394961876725,6.171006932992196
dt_mean_50_days_High_2030,3.4936264770630405,4.010223395358738,4.466987449373372,5.391994833959102
dt_mean_50_days_Low_2040,8.788726751346402,10.984689512472016,12.52627415432304,18.81952090515091
dt_mean_50_days_IntLow_2040,9.305295329217788,10.732137608779245,11.764681532178717,13.517375206651513
dt_mean_50_days_Int_2040,4.876052944479214,5.716609781181303,6.576464624516213,7.800664573010792
dt_mean_50_days_IntHigh_2040,3.7384503475843616,4.2900416195030395,4.725317615228935,5.6534774199249185
dt_mean_50_days_High_2040,3.2548077452155386,3.748697410881333,4.235120291023299,4.961326319304335
dt_mean_50_days_Low_2050,9.812607302851653,12.33063276711799,13.628358326951133,15.328059024469347
dt_mean_50_days_IntLow_2050,9.48592125599184,11.175699150406473,12.1654788360457,13.89474553842473
dt_mean_50_days_Int_2050,4.0008978822472345,4.880926590014337,5.574849091485836,6.743262298120617
dt_mean_50_days_IntHigh_2050,3.5932371287945433,4.134000793487903,4.637936442795876,5.5048419674442854
dt_mean_50_days_High_2050,2.646979565133414,3.146124245858423,3.5047422505340995,4.2129664854448645
dt_mean_50_days_Low_2060,7.562583313898777,8.520998883699104,9.697081191161129,11.119011002382308
dt_mean_50_days_IntLow_2060,9.343220048602618,10.771280100011403,11.89239459667263,13.436791832994105
dt_mean_50_days_Int_2060,3.581216095896517,4.211209729907122,4.8964853869306255,5.97814814152901
dt_mean_50_days_IntHigh_2060,3.422413495299459,3.9441096731586867,4.3808711785620265,5.035051739295263
dt_mean_50_days_High_2060,2.348718581600629,2.9359209735129674,3.16068918201757,3.719659170452881
dt_mean_100_days_Low_2020,12.932777783108115,15.420707108720784,17.824353097899795,25.88598759766577
dt_mean_100_days_IntLow_2020,13.349021466205123,15.168778411097563,16.48134862220053,19.206428032390377
dt_mean_100_days_Int_2020,7.1146462488751805,8.105458014440305,9.01132124829548,10.462424075203101
dt_mean_100_days_IntHigh_2020,4.548552235807219,5.4615617510992145,6.218471181508406,7.8575736196533015
dt_mean_100_days_High_2020,4.120198321637586,4.909408919764482,5.5526492620890515,6.624085235400199
dt_mean_100_days_Low_2030,10.431571509358719,12.18953822104288,14.314920015509145,20.561671177267897
dt_mean_100_days_IntLow_2030,11.128530668965524,13.246500707513245,14.368165486413645,16.649148298016048
dt_mean_100_days_Int_2030,5.917104832448601,7.147819184705259,8.105289581465348,9.539342886771639
dt_mean_100_days_IntHigh_2030,4.892460412062906,5.8654557923255615,6.641840828711201,7.836183489477659
dt_mean_100_days_High_2030,3.939267213458873,4.662040327754298,5.203016289201997,6.20718306746422
dt_mean_100_days_Low_2040,9.812845420982267,12.755958136010257,14.058144910868473,17.764987896762747
dt_mean_100_days_IntLow_2040,10.790463559797459,12.961999446862492,14.130959970511642,16.188291141694705
dt_mean_100_days_Int_2040,5.964622319719272,7.021614104760356,7.743699680486255,8.978998284790414
dt_mean_100_days_IntHigh_2040,4.551105630480354,5.437431534001446,6.179990263935536,7.272037736163593
dt_mean_100_days_High_2040,3.6182579815818987,4.369689677738192,4.9668240772643815,5.871003814374485
dt_mean_100_days_Low_2050,10.493358560649682,11.865248795733763,13.653840601643068,15.70130444088504
dt_mean_100_days_IntLow_2050,10.594968042124862,12.51770771956702,13.757217586522952,15.756028731471472
dt_mean_100_days_Int_2050,4.956448776647086,6.049278610673092,6.817909065424248,8.189454085699044
dt_mean_100_days_IntHigh_2050,4.681728373259142,5.658435095638383,6.352785681250862,7.207448896824402
dt_mean_100_days_High_2050,3.4074203054458945,4.097075259214452,4.630536916467853,5.455920817585809
dt_mean_100_days_Low_2060,7.349614175400042,9.870568590787464,10.819131542676658,12.40498721890117
dt_mean_100_days_IntLow_2060,7.037884943507916,9.173985187533965,10.593551156144699,13.20139738872242
dt_mean_100_days_Int_2060,5.003155201869287,5.9625834488764635,6.616921900052444,7.698955094872489
dt_mean_100_days_IntHigh_2060,4.454349080990683,5.292592279036455,5.940071762812025,6.829667151504884
dt_mean_100_days_High_2060,3.122106492603958,3.7002888981985183,4.149036893445386,4.902417467644795
dt_median_20_days_Low_2020,12.06688900450307,14.614208337792729,16.796909493185034,19.856431769243386
dt_median_20_days_IntLow_2020,6.524163825012042,8.39935258129005,9.674572124185557,11.664534123648064
dt_median_20_days_Int_2020,4.523620473840301,5.571554476403103,6.077874730000918,7.254078278483041
dt_median_20_days_IntHigh_2020,3.5607513088859384,4.2366269728743084,4.751043433286854,5.689598400672353
dt_median_20_days_High_2020,3.207354305441573,3.6661695222634627,4.068046898072389,4.924987761716924
dt_median_20_days_Low_2030,11.058530384731228,13.846251077258463,16.044515294819192,20.218558242905
dt_median_20_days_IntLow_2030,6.022976251327029,8.181051496484296,9.220898652915618,10.890712047628256
dt_median_20_days_Int_2030,3.739609375634405,4.605476043324963,5.217537666351856,6.2414361105453295
dt_median_20_days_IntHigh_2030,3.117253656857,3.8242709343227603,4.31975495877694,5.069548656305051
dt_median_20_days_High_2030,2.814414903081464,3.230018280286835,3.6422132074139593,4.299300993055511
dt_median_20_days_Low_2040,12.262288501123692,14.960486873823193,17.427822655714476,20.154590938465866
dt_median_20_days_IntLow_2040,5.706445868634622,7.1216414445201615,8.114053958768789,9.85455157145012
dt_median_20_days_Int_2040,3.500006435460115,4.353622787213316,4.891534339109751,5.799085238106114
dt_median_20_days_IntHigh_2040,2.8484440022918047,3.2697034429969998,3.6506870575816794,4.36057018025192
dt_median_20_days_High_2040,2.2804111103201965,2.6643663423435155,2.9730441853203105,3.47276377441912
dt_median_20_days_Low_2050,13.736722720461607,16.64889944746301,18.344910434599246,22.515427853008212
dt_median_20_days_IntLow_2050,5.954146347484137,7.328547450214571,8.240795616021645,9.81851844996977
dt_median_20_days_Int_2050,2.745288308326603,3.7343961380580577,4.264271863613289,5.034302126223888
dt_median_20_days_IntHigh_2050,2.614272368300906,2.892887446180413,3.148594731572542,3.680702100809844
dt_median_20_days_High_2050,1.9948240989610826,2.305648802417317,2.5346337478636403,2.8714360198837903
dt_median_20_days_Low_2060,11.837315726531351,16.1343746181463,18.51735395149956,20.860193025791983
dt_median_20_days_IntLow_2060,6.417837557859976,7.541884337968938,8.452734648694536,9.834540938151312
dt_median_20_days_Int_2060,2.8494094171708664,3.400404153143132,3.72727405056272,4.410893649910735
dt_median_20_days_IntHigh_2060,2.43603189181296,2.831983559611711,3.1012911811774146,3.516701972094078
dt_median_20_days_High_2060,1.7839274643825653,1.982821829241621,2.1321075389128823,2.57526836647461
dt_median_26_days_Low_2020,11.876716275259618,15.07826229705048,17.753800486648824,20.599991638804198
dt_median_26_days_IntLow_2020,8.261174553808218,10.013572012569865,11.14272733206852,13.195471427185659
dt_median_26_days_Int_2020,5.099287599496815,6.189015189515368,6.811786235023369,8.143050390168884
dt_median_26_days_IntHigh_2020,3.971278369552504,4.596107282510552,5.235549067476926,6.359704005906934
dt_median_26_days_High_2020,3.3491903267286265,3.8837539338436686,4.310072045230617,5.590112159739675
dt_median_26_days_Low_2030,13.093872499182691,16.201965541297596,18.448886957956205,22.398785631467515
dt_median_26_days_IntLow_2030,7.265552437765088,9.03509183770913,10.190630402622112,12.234009227227492
dt_median_26_days_Int_2030,4.363662396309163,5.169357832581378,5.785488753172983,7.109146234412189
dt_median_26_days_IntHigh_2030,3.446020604472034,4.142934776576983,4.635083436403562,5.528690669635061
dt_median_26_days_High_2030,2.719826485449769,3.2740853957873917,3.63238552353645,4.431698656910215
dt_median_26_days_Low_2040,13.89290263113714,16.4879798061447,18.358802506734033,21.616165114607384
dt_median_26_days_IntLow_2040,7.336736486593535,8.80275223276788,9.756843100451793,11.589497958299336
dt_median_26_days_Int_2040,3.9292844096262622,4.745153735760814,5.300883495152217,6.293594365235113
dt_median_26_days_IntHigh_2040,2.927095982301867,3.5288181026875787,3.9811154581326273,4.986590528493266
dt_median_26_days_High_2040,2.0492082309566277,2.5103204390542126,3.095262910844469,3.7874819420217576
dt_median_26_days_Low_2050,12.829038344557645,17.479205710618608,19.70149324641276,22.46810273431315
dt_median_26_days_IntLow_2050,7.119070897480084,8.400794366855107,9.533044443577293,11.51362633867031
dt_median_26_days_Int_2050,3.3394389166078398,4.279883669699937,5.00649182902786,5.962798254605487
dt_median_26_days_IntHigh_2050,2.9237384462799794,3.343072569876731,3.733783351282699,4.188845672084674
dt_median_26_days_High_2050,2.272770491429804,2.5177104944148385,2.7769213460688915,3.352998172953501
dt_median_26_days_Low_2060,9.674394841273669,13.738809527670313,18.040232888491676,22.50137700999483
dt_median_26_days_IntLow_2060,6.044729254676209,7.234709134111544,8.706515604201993,10.498552431535176
dt_median_26_days_Int_2060,2.991377441468222,3.651418391697222,4.139833684032532,5.002111906622014
dt_median_26_days_IntHigh_2060,2.421622604280807,2.905093428782021,3.2824077032963648,3.808196445630976
dt_median_26_days_High_2060,1.6748491674302257,2.0216346198315396,2.293713344161345,2.6100029195703787
dt_median_50_days_Low_2020,15.333140737875432,18.98710548421286,21.39488178674118,27.05118563990404
dt_median_50_days_IntLow_2020,8.945707272173742,11.180805235541174,13.009910719636,16.45077580804863
dt_median_50_days_Int_2020,5.161186409205279,6.663589293409103,8.131629130156995,9.997057889458596
dt_median_50_days_IntHigh_2020,4.868930237749794,5.989776948534085,6.8273487432312185,7.957738705907111
dt_median_50_days_High_2020,4.134875504083347,4.832825014570743,5.433750514768649,6.376194598984911
dt_median_50_days_Low_2030,13.22546794952423,17.92081415082302,22.474700392168728,27.76980348266474
dt_median_50_days_IntLow_2030,7.919744194968239,10.037778265197675,11.855375920499451,15.514692843506253
dt_median_50_days_Int_2030,5.087019213836964,6.3435037244701,7.715596885969368,9.179577508443542
dt_median_50_days_IntHigh_2030,3.9134392060692686,4.963096154094681,5.751577137861073,6.771304708246626
dt_median_50_days_High_2030,3.1997711483603872,4.053811896295577,4.793510200932374,5.7756694531178185
dt_median_50_days_Low_2040,12.759134778130143,15.716137406363995,18.73110180945708,26.362508016866837
dt_median_50_days_IntLow_2040,8.890271740977893,10.640065386831441,12.453002332999437,15.230837428055308
dt_median_50_days_Int_2040,4.702720874139737,5.867599006811261,7.197668178525285,8.23249558761912
dt_median_50_days_IntHigh_2040,3.7239437438511906,4.516302804219443,5.105691084275786,6.056096853814417
dt_median_50_days_High_2040,3.2348704157887638,3.8617219715650255,4.308259920342315,5.094476073175717
dt_median_50_days_Low_2050,9.995150050384463,13.439562828338104,15.16434966502893,19.376305542832405
dt_median_50_days_IntLow_2050,7.217903595287534,9.053786349525884,10.558250948334942,13.35488272415149
dt_median_50_days_Int_2050,4.426156081257101,5.462308030799434,6.156656827115219,7.595115618524423
dt_median_50_days_IntHigh_2050,3.2825566896190135,4.0675517195046575,4.699734557495525,5.413531303052621
dt_median_50_days_High_2050,2.782831897683456,3.512374726282895,3.927267708443713,4.547041462179798
dt_median_50_days_Low_2060,8.56588859832507,11.454337736136617,13.576829017520067,17.676117861460348
dt_median_50_days_IntLow_2060,7.87433194058972,9.6804067632696,11.25141733941679,13.54087868768176
dt_median_50_days_Int_2060,4.11733838334264,4.843036824085695,5.539939210486955,6.731456534689596
dt_median_50_days_IntHigh_2060,3.5190094021784653,3.991251676892091,4.560337421610527,5.295664535780936
dt_median_50_days_High_2060,2.489418030542053,2.942820923523013,3.233468753793301,3.840121301239801
dt_median_100_days_Low_2020,13.149352524208183,17.327186771294105,19.208316708792495,31.666141689369358
dt_median_100_days_IntLow_2020,11.76495562259486,14.386913590682436,16.428844498902325,19.070586798698216
dt_median_100_days_Int_2020,6.638050013086701,8.312795684014786,9.564789389414717,11.325602405979266
dt_median_100_days_IntHigh_2020,4.724325177007181,6.132847447578705,7.0635037757698855,8.421667300975978
dt_median_100_days_High_2020,4.2662957720271635,5.216509830154992,5.996672589995292,7.091469335622347
dt_median_100_days_Low_2030,11.976584658365063,14.135161111395135,16.729544806319648,25.285813225190388
dt_median_100_days_IntLow_2030,10.938848014877971,13.062545734896409,14.890609153649656,17.56257442020205
dt_median_100_days_Int_2030,6.439443222278387,7.651195112844839,8.65740871713143,10.244906043320526
dt_median_100_days_IntHigh_2030,4.7333569499297194,5.950334853850389,6.7699830573647,8.047372393698911
dt_median_100_days_High_2030,3.7416991891464138,4.661179452921907,5.389514176549201,6.40788369786637
dt_median_100_days_Low_2040,12.150441940964118,14.662402937669128,16.270145937949426,18.52559920861389
dt_median_100_days_IntLow_2040,9.858545308868607,11.598435392574448,13.003856450809856,16.415133467101246
dt_median_100_days_Int_2040,4.995668670919469,6.700855085791554,7.799298812095339,9.516277958169429
dt_median_100_days_IntHigh_2040,4.901931053491921,5.819424496960738,6.526316908609434,7.774152352309235
dt_median_100_days_High_2040,3.598830536815115,4.3065303924546035,4.939317543012043,5.912638073694849
dt_median_100_days_Low_2050,9.576314756524894,16.4552271287484,17.51981831032233,19.371662413069956
dt_median_100_days_IntLow_2050,9.439232977043922,11.216253337590345,12.481585196425108,15.81002554754172
dt_median_100_days_Int_2050,5.150790519975178,6.351399596123095,7.381942758795397,8.704397513170498
dt_median_100_days_IntHigh_2050,4.629970822334289,5.432687058811126,6.082727051368516,7.218029303634578
dt_median_100_days_High_2050,3.4274588952003824,4.165594312586309,4.678681891099021,5.462381203354046
dt_median_100_days_Low_2060,8.460074448067054,11.859252136517924,15.10541805727275,18.433284507238866
dt_median_100_days_IntLow_2060,9.749615518971485,11.262532973323474,12.519811699067851,15.102804142125812
dt_median_100_days_Int_2060,3.9954492706487876,5.370502322035456,6.253378542948114,7.391067501194621
dt_median_100_days_IntHigh_2060,4.312096386735412,5.0570902712582395,5.749657528655684,6.707755599985206
dt_median_100_days_High_2060,3.2707078613931753,3.8022243898048758,4.249476862197002,4.997143318772884
slr_total_Low_2025_2055,0.8831811196580963,1.083982915581274,1.2331927386522352,1.456302205133944
slr_ocean_dyn_Low_2025_2055,0.8619075570913379,0.945028864382929,1.0058180413085773,1.093773552538266
slr_vlm_Low_2025_2055,0.37703891117172295,0.5243092217842867,0.6337755472851203,0.8837653236760941
slr_ais_Low_2025_2055,0.004973003618029964,0.006494072756494558,0.007816635022171073,0.012011118509026947
slr_gis_Low_2025_2055,0.30934506365687425,0.3563883325995063,0.39563553738625057,0.44435518102779176
slr_glaciers_Low_2025_2055,0.12942080251405175,0.1405578742313336,0.15260003172711809,0.20943690586025512
slr_landwater_Low_2025_2055,0.07268837652939698,0.0918511824434054,0.10569467279837683,0.12725881116889215
slr_massdef_Low_2025_2055,0.30458593377758864,0.3891361902316075,0.46689925438650137,0.5767771484603741
slr_total_IntLow_2025_2055,0.924018201228439,1.088544134805522,1.2279477112061572,1.5469592819928955
slr_ocean_dyn_IntLow_2025_2055,1.0189206883584645,1.1251727775945044,1.1968999824074853,1.3139393684923784
slr_vlm_IntLow_2025_2055,0.44095926991582457,0.5771189280402643,0.7150953558410511,1.011065117887221
slr_ais_IntLow_2025_2055,0.13619759099406226,0.16468499464536082,0.18927094987033008,0.2560925110715806
slr_gis_IntLow_2025_2055,0.39264769607411654,0.4616103465676513,0.5057448556376498,0.6138097372850813
slr_glaciers_IntLow_2025_2055,0.1837036132925416,0.20636665400209053,0.22463628287220844,0.2583213152647871
slr_landwater_IntLow_2025_2055,0.1163629530615816,0.13172796444964088,0.143408763210609,0.16050024266389534
slr_massdef_IntLow_2025_2055,0.6031354673407536,0.719374815792956,0.8204387060666025,1.0085103042511854
slr_total_Int_2025_2055,0.5965334063749017,0.6993333527930582,0.8601825555896667,1.3110880330954127
slr_ocean_dyn_Int_2025_2055,1.1220349384446666,1.2884531725132828,1.4249971794914185,1.61452808287964
slr_vlm_Int_2025_2055,0.3906594481267353,0.5219650410375813,0.6328220980460142,0.8759002645685771
slr_ais_Int_2025_2055,0.14190350641720362,0.1763977601008706,0.19910324988445577,0.24062402984327835
slr_gis_Int_2025_2055,0.5688908618445896,0.6602382106205458,0.7309011074867362,0.8970399566980475
slr_glaciers_Int_2025_2055,0.2081050975462705,0.2285416337044275,0.2510693820052231,0.3142821467961032
slr_landwater_Int_2025_2055,0.11254774633299401,0.1317079346525391,0.14200693144651066,0.17124371166345245
slr_massdef_Int_2025_2055,0.7031315546095636,0.8143797882785581,0.9428601281683752,1.1633398535511263
slr_total_IntHigh_2025_2055,1.278452615185273,1.60508442555256,1.9427363746173776,2.5150158708943415
slr_ocean_dyn_IntHigh_2025_2055,1.1718229769973658,1.3277969352025885,1.4409636485963992,1.7547088749920894
slr_vlm_IntHigh_2025_2055,0.5268288129534456,0.7157641059926125,0.8886067946392766,1.2287979458105998
slr_ais_IntHigh_2025_2055,0.39225784664793184,0.4924438229346202,0.5525039835816202,0.6947627343317117
slr_gis_IntHigh_2025_2055,1.0101327644776994,1.1609745923702675,1.2602953701928965,1.4835626737953316
slr_glaciers_IntHigh_2025_2055,0.22183525416109928,0.24690490047115185,0.26497275112878477,0.33063066256876017
slr_landwater_IntHigh_2025_2055,0.12076945785758536,0.1455188772058733,0.15809869983565522,0.16943517263822183
slr_massdef_IntHigh_2025_2055,1.4819716501299478,1.6662971445483068,1.8388023526930968,2.206592913415534
slr_total_High_2025_2055,2.9819451181319536,3.493650811948587,3.889693118190572,4.552314797947407
slr_ocean_dyn_High_2025_2055,1.1702929329649074,1.3261070428383555,1.396584968972402,1.60077313754176
slr_vlm_High_2025_2055,0.32871214166319485,0.45405395393880915,0.5802218344682023,0.7783100509819175
slr_ais_High_2025_2055,0.6053890666730821,0.7518378314323545,0.853738762618918,1.0263730326885356
slr_gis_High_2025_2055,1.7915441723685497,2.0577259242832207,2.212911247586551,2.4763752464155795
slr_glaciers_High_2025_2055,0.19655523305931152,0.22241640856523956,0.24581472372128338,0.29395377260544225
slr_landwater_High_2025_2055,0.11809981907428929,0.14917540021085557,0.16751635825892705,0.18982928140192057
slr_massdef_High_2025_2055,2.742944297633964,3.0218403228161446,3.2659527650512903,3.729097385216124
dt_mean_20_days_Low_2025,9.711093444262083,11.972070269426597,13.900989873617672,17.57219254179968
dt_mean_20_days_IntLow_2025,6.806427721040901,8.035242396923344,9.144731909095448,11.129770361434113
dt_mean_20_days_Int_2025,4.285259230274424,5.122514169638537,5.845423859869897,6.784285677499893
dt_mean_20_days_IntHigh_2025,2.946840299689365,3.703222057807963,4.054200718448936,5.113580015672242
dt_mean_20_days_High_2025,2.407307795223624,3.108314283482585,3.442848874302955,4.339206394438704
dt_mean_26_days_Low_2025,12.889600476171736,16.93350721438603,18.150428471488645,21.543790715368033
dt_mean_26_days_IntLow_2025,8.407075444669319,9.904224431019356,10.97463650278755,13.198288953984404
dt_mean_26_days_Int_2025,4.7613072442730004,5.48941616475145,6.213426050366264,7.1723136589615955
dt_mean_26_days_IntHigh_2025,3.626876355828874,4.284702273567332,4.860510404368586,5.907263595196374
dt_mean_26_days_High_2025,2.8533512857516743,3.351406131244323,3.8384839608963808,4.858938618032271
dt_mean_50_days_Low_2025,11.20405384319475,13.417241745879135,17.403444506859145,23.497275439266627
dt_mean_50_days_IntLow_2025,9.736872138096267,11.166953217386569,12.423351892206561,14.583738803538651
dt_mean_50_days_Int_2025,5.7897318746571695,6.7799698770048735,7.6305375626722896,8.810793680256129
dt_mean_50_days_IntHigh_2025,4.069893910873239,4.699154446204901,5.1688533753699,6.351085623329853
dt_mean_50_days_High_2025,3.421535715905451,4.02688001497532,4.629635819420811,5.489279318352231
dt_mean_100_days_Low_2025,13.367507641669846,16.724448214778988,17.579783092961485,19.929228099561797
dt_mean_100_days_IntLow_2025,11.52709404098644,13.469962531843523,14.707788048436369,17.297769297094145
dt_mean_100_days_Int_2025,6.637267402533208,7.754970475558155,8.61227901163093,9.933232765541412
dt_mean_100_days_IntHigh_2025,4.929945754877529,5.884126801095922,6.682872799601661,8.129027538692123
dt_mean_100_days_High_2025,3.934238752282507,4.670489552168533,5.323246679588339,6.386624148796601
dt_median_20_days_Low_2025,12.104573055089944,15.122362659570655,18.04109328626945,21.731304831346357
dt_median_20_days_IntLow_2025,6.294023765966015,8.12395593061288,9.291988948600714,11.087700283357627
dt_median_20_days_Int_2025,4.437055505019659,5.207331509202548,5.685891466562335,6.703928800867367
dt_median_20_days_IntHigh_2025,3.5103640640269833,4.141546413049568,4.478623569029629,5.269682550776036
dt_median_20_days_High_2025,2.9710119805754722,3.42123519439516,3.8790553501505265,4.615166846773789
dt_median_26_days_Low_2025,11.802033525849936,14.965975962570234,17.515961071708382,21.642067341629335
dt_median_26_days_IntLow_2025,7.698400744105909,9.272495548161316,10.506543821910181,12.617300801725396
dt_median_26_days_Int_2025,4.909301283927736,5.77109816270214,6.3523362730720265,7.501021613387569
dt_median_26_days_IntHigh_2025,3.547865483468404,4.2186681351664514,4.763137134822042,5.726443060456333
dt_median_26_days_High_2025,3.212552106945644,3.723566104858783,4.223378855643045,5.128630111621953
dt_median_50_days_Low_2025,12.840512351736225,17.422112616744105,20.207357422566282,24.882103180957227
dt_median_50_days_IntLow_2025,9.13001689571832,11.332914048561342,13.300320270196622,16.537315372101883
dt_median_50_days_Int_2025,5.132500045309817,6.489400355899054,7.871370936556783,9.472658898389351
dt_median_50_days_IntHigh_2025,4.386730824695845,5.372462667029303,6.079355375803534,7.097000521929591
dt_median_50_days_High_2025,3.4184634458447594,4.087215459811942,4.718089397505967,6.122463235054457
dt_median_100_days_Low_2025,12.387302747309743,16.135396084569834,16.920441198766312,24.21628639721871
dt_median_100_days_IntLow_2025,10.957473907884511,13.35160058112374,14.92738101429589,17.96040582772318
dt_median_100_days_Int_2025,6.7812381781557285,8.183334888457427,9.197741145309802,10.662606046761171
dt_median_100_days_IntHigh_2025,4.831461285466773,5.964586662349895,6.802443691205518,8.23758840634369
dt_median_100_days_High_2025,3.8622781149609153,4.782222668408465,5.563391371666348,6.700478428143814
