,80,90,95,99
hdi,0.09200000000000008,0.119,0.136,0.17400000000000004
first_year,13.5,17.0,20.0,25.00999999999999
last_year,0.0,0.0,0.0,0.0
n_good_years,16.5,19.5,22.0,26.5
dh_mean_20_days,4.25,5.3050000000000015,6.902499999999998,9.650500000000001
dh_mean_26_days,4.700000000000001,5.955,7.654999999999998,10.401999999999996
dh_mean_50_days,6.050000000000001,7.7499999999999964,9.352499999999997,12.450499999999998
dh_median_20_days,4.649999999999999,5.5,6.35,8.401
dh_median_26_days,5.0,5.8999999999999995,6.852499999999997,9.303999999999997
dh_median_50_days,6.299999999999999,7.4,8.499999999999998,12.149999999999999
res_dymx_std,1.1712044342210473,1.6968081563331492,2.1682490841771567,3.293342325076009
res_dymx_top50_std,1.9614770195800117,2.3816788767541106,2.6635124840977484,3.176125885077563
res_momn_std,0.9623475475709695,1.1111893943381226,1.2603669577434087,1.620729177560465
res_momn_q75_std,0.6090319335034913,0.8641854610862012,1.0171910703152773,1.3715395209306946
res_momn_amx_std,0.9158565933266267,1.1648803314290015,1.3108749912950661,1.5071592000441494
res_hf_dymx_std,2.218777833438208,2.7600283677716577,3.2148363910726063,4.8240094903794635
res_hf_dymx_top50_std,1.9614770195800117,2.3816788767541106,2.6635124840977484,3.176125885077563
tide_dymx_std,1.6008342965078062,2.0211716474696377,2.3255971184060398,2.912133565729811
tide_dymx_top50_std,1.1194838136493919,1.3339306312313877,1.5625695221252436,1.8518065746450367
slr_total_Low_2020_2050,0.8999999999999986,1.0999999999999996,1.3500000000000014,2.25
slr_ocean_dyn_Low_2020_2050,1.2999999999999998,1.4000000000000004,1.6,1.8004999999999998
slr_vlm_Low_2020_2050,0.5,0.7,0.7999999999999999,1.0
slr_ais_Low_2020_2050,0.09999999999999998,0.09999999999999998,0.09999999999999998,0.09999999999999998
slr_gis_Low_2020_2050,0.40000000000000013,0.5,0.5,0.7000000000000002
slr_glaciers_Low_2020_2050,0.2999999999999998,0.3999999999999999,0.5,0.6000000000000001
slr_landwater_Low_2020_2050,0.09999999999999998,0.09999999999999998,0.19999999999999996,0.19999999999999996
slr_massdef_Low_2020_2050,0.5499999999999998,0.75,1.0,1.5
slr_total_IntLow_2020_2050,0.8999999999999986,1.1999999999999993,1.5500000000000007,2.9009999999999994
slr_ocean_dyn_IntLow_2020_2050,1.2000000000000002,1.3499999999999996,1.5,1.900499999999999
slr_vlm_IntLow_2020_2050,0.5,0.7,0.7999999999999999,1.0
slr_ais_IntLow_2020_2050,0.19999999999999973,0.19999999999999973,0.2999999999999998,0.5000000000000002
slr_gis_IntLow_2020_2050,0.5,0.6000000000000001,0.6000000000000001,0.9000000000000001
slr_glaciers_IntLow_2020_2050,0.2999999999999998,0.3999999999999999,0.5,0.6999999999999997
slr_landwater_IntLow_2020_2050,0.09999999999999998,0.09999999999999998,0.09999999999999998,0.09999999999999998
slr_massdef_IntLow_2020_2050,0.7999999999999998,1.0999999999999996,1.2999999999999998,1.7500000000000009
slr_total_Int_2020_2050,1.0999999999999979,1.405000000000003,2.0,3.5504999999999987
slr_ocean_dyn_Int_2020_2050,1.4000000000000004,1.6500000000000004,1.8000000000000007,2.1005000000000003
slr_vlm_Int_2020_2050,0.5,0.7,0.7999999999999999,1.0
slr_ais_Int_2020_2050,0.1499999999999999,0.19999999999999996,0.19999999999999996,0.5
slr_gis_Int_2020_2050,0.7000000000000002,0.8000000000000003,0.8999999999999999,1.2000000000000002
slr_glaciers_Int_2020_2050,0.39999999999999947,0.49999999999999956,0.6000000000000001,0.8004999999999993
slr_landwater_Int_2020_2050,0.09999999999999998,0.10000000000000009,0.20000000000000007,0.20000000000000007
slr_massdef_Int_2020_2050,0.9499999999999993,1.200000000000001,1.4524999999999988,2.1499999999999995
slr_total_IntHigh_2020_2050,1.8100000000000052,2.7500000000000004,3.5500000000000007,5.099999999999998
slr_ocean_dyn_IntHigh_2020_2050,1.3100000000000027,1.5499999999999998,1.75,2.3499999999999996
slr_vlm_IntHigh_2020_2050,0.6,0.7050000000000012,0.8,1.0999999999999999
slr_ais_IntHigh_2020_2050,0.35000000000000053,0.4499999999999993,0.5,1.0
slr_gis_IntHigh_2020_2050,0.9000000000000004,1.1500000000000004,1.2999999999999998,1.6504999999999999
slr_glaciers_IntHigh_2020_2050,0.3999999999999999,0.5499999999999998,0.6999999999999997,0.8499999999999996
slr_landwater_IntHigh_2020_2050,0.09999999999999998,0.09999999999999998,0.09999999999999998,0.19999999999999996
slr_massdef_IntHigh_2020_2050,1.3499999999999996,1.799999999999999,2.099999999999998,2.5999999999999996
slr_total_High_2020_2050,2.400000000000002,4.25,5.002500000000001,6.550000000000001
slr_ocean_dyn_High_2020_2050,1.3999999999999995,1.5999999999999996,1.7999999999999998,2.05
slr_vlm_High_2020_2050,0.5,0.65,0.8,1.0
slr_ais_High_2020_2050,0.5999999999999996,0.6500000000000004,0.75,1.3009999999999988
slr_gis_High_2020_2050,1.5,1.7999999999999998,1.9000000000000004,2.5004999999999997
slr_glaciers_High_2020_2050,0.39999999999999947,0.5,0.5999999999999996,0.8504999999999996
slr_landwater_High_2020_2050,0.09999999999999998,0.09999999999999998,0.09999999999999998,0.19999999999999996
slr_massdef_High_2020_2050,1.8500000000000014,2.3000000000000007,2.6499999999999986,3.2009999999999983
slr_total_Low_2030_2060,0.9500000000000011,1.1999999999999993,1.3999999999999986,1.6999999999999993
slr_ocean_dyn_Low_2030_2060,1.2600000000000022,1.5499999999999998,1.6999999999999997,1.9
slr_vlm_Low_2030_2060,0.5,0.65,0.7999999999999999,1.0
slr_ais_Low_2030_2060,0.0,0.0,0.0,0.0
slr_gis_Low_2030_2060,0.40000000000000013,0.5,0.5,0.7000000000000002
slr_glaciers_Low_2030_2060,0.2999999999999998,0.3999999999999999,0.5,0.5999999999999996
slr_landwater_Low_2030_2060,0.09999999999999998,0.20000000000000007,0.20000000000000007,0.30000000000000004
slr_massdef_Low_2030_2060,0.6000000000000005,0.7999999999999998,1.0999999999999996,1.5999999999999996
slr_total_IntLow_2030_2060,1.0999999999999996,1.4000000000000004,1.6000000000000014,2.8499999999999996
slr_ocean_dyn_IntLow_2030_2060,1.0999999999999996,1.25,1.3999999999999995,1.6999999999999993
slr_vlm_IntLow_2030_2060,0.5,0.7,0.8,0.9504999999999996
slr_ais_IntLow_2030_2060,0.20000000000000018,0.20000000000000018,0.20000000000000018,0.5
slr_gis_IntLow_2030_2060,0.5,0.7000000000000002,0.8000000000000003,1.0
slr_glaciers_IntLow_2030_2060,0.30000000000000027,0.44999999999999973,0.6000000000000001,0.7505
slr_landwater_IntLow_2030_2060,0.09999999999999998,0.19999999999999996,0.20000000000000007,0.30000000000000004
slr_massdef_IntLow_2030_2060,0.9000000000000004,1.200000000000001,1.402499999999998,1.9505000000000006
slr_total_Int_2030_2060,1.1999999999999993,1.6499999999999986,2.8024999999999984,3.6499999999999986
slr_ocean_dyn_Int_2030_2060,1.3100000000000025,1.549999999999999,1.75,2.0
slr_vlm_Int_2030_2060,0.5,0.7,0.7999999999999999,1.0
slr_ais_Int_2030_2060,0.20000000000000018,0.20000000000000018,0.30000000000000027,0.5
slr_gis_Int_2030_2060,0.8999999999999999,1.1,1.1999999999999997,1.4999999999999996
slr_glaciers_Int_2030_2060,0.4100000000000024,0.5999999999999996,0.7000000000000002,0.9504999999999997
slr_landwater_Int_2030_2060,0.10000000000000009,0.19999999999999996,0.20000000000000007,0.25049999999999956
slr_massdef_Int_2030_2060,1.1500000000000021,1.5,1.8000000000000007,2.5509999999999997
slr_total_IntHigh_2030_2060,2.5600000000000005,3.9000000000000057,4.802500000000002,6.551499999999999
slr_ocean_dyn_IntHigh_2030_2060,1.25,1.4999999999999991,1.7499999999999991,2.0505000000000004
slr_vlm_IntHigh_2030_2060,0.6000000000000001,0.75,0.85,1.0499999999999998
slr_ais_IntHigh_2030_2060,0.7000000000000011,0.8999999999999986,1.0,2.0
slr_gis_IntHigh_2030_2060,1.8,2.2,2.3499999999999996,3.1000000000000005
slr_glaciers_IntHigh_2030_2060,0.4499999999999993,0.5999999999999996,0.7000000000000002,0.9499999999999997
slr_landwater_IntHigh_2030_2060,0.09999999999999998,0.15000000000000002,0.20000000000000007,0.20000000000000007
slr_massdef_IntHigh_2030_2060,2.25,2.8000000000000007,3.1999999999999993,4.299999999999997
slr_total_High_2030_2060,3.9000000000000057,5.5,6.204999999999998,9.399999999999999
slr_ocean_dyn_High_2030_2060,1.2999999999999998,1.549999999999999,1.7024999999999988,2.0500000000000007
slr_vlm_High_2030_2060,0.5,0.7,0.8,1.0
slr_ais_High_2030_2060,1.1499999999999986,1.3000000000000007,1.4499999999999993,3.0
slr_gis_High_2030_2060,3.5000000000000018,4.199999999999999,4.6,5.900499999999998
slr_glaciers_High_2030_2060,0.4499999999999993,0.5999999999999996,0.7000000000000002,1.0499999999999998
slr_landwater_High_2030_2060,0.19999999999999996,0.20000000000000007,0.20000000000000007,0.30000000000000004
slr_massdef_High_2030_2060,3.8999999999999986,4.549999999999997,5.299999999999997,6.5085
slr_total_Low_2040_2070,0.9000000000000004,1.25,1.4499999999999993,1.6999999999999993
slr_ocean_dyn_Low_2040_2070,0.9000000000000004,1.0999999999999996,1.2524999999999973,1.7999999999999998
slr_vlm_Low_2040_2070,0.5,0.65,0.8,1.0
slr_ais_Low_2040_2070,0.0,0.0,0.0,0.0
slr_gis_Low_2040_2070,0.40000000000000013,0.5,0.5,0.7000000000000002
slr_glaciers_Low_2040_2070,0.2999999999999998,0.34999999999999964,0.40000000000000036,0.6000000000000001
slr_landwater_Low_2040_2070,0.09999999999999987,0.20000000000000007,0.20000000000000007,0.30000000000000004
slr_massdef_Low_2040_2070,0.6500000000000004,0.9000000000000004,1.0499999999999998,1.6999999999999993
slr_total_IntLow_2040_2070,1.0499999999999972,1.4000000000000006,1.6999999999999993,2.9505000000000026
slr_ocean_dyn_IntLow_2040_2070,0.8999999999999995,1.0,1.1499999999999995,1.3000000000000007
slr_vlm_IntLow_2040_2070,0.5,0.65,0.8,1.0
slr_ais_IntLow_2040_2070,0.20000000000000018,0.2550000000000015,0.30000000000000027,0.7000000000000002
slr_gis_IntLow_2040_2070,0.6499999999999999,0.7999999999999998,0.8999999999999999,1.1
slr_glaciers_IntLow_2040_2070,0.3999999999999999,0.5,0.5999999999999996,0.8000000000000003
slr_landwater_IntLow_2040_2070,0.19999999999999996,0.19999999999999996,0.30000000000000004,0.4
slr_massdef_IntLow_2040_2070,1.0,1.3999999999999986,1.5999999999999996,2.100500000000001
slr_total_Int_2040_2070,1.660000000000004,2.650000000000002,3.9499999999999993,4.449999999999999
slr_ocean_dyn_Int_2040_2070,1.5,1.6999999999999993,1.8999999999999986,2.1999999999999993
slr_vlm_Int_2040_2070,0.5,0.7000000000000001,0.85,1.0
slr_ais_Int_2040_2070,0.3000000000000007,0.40000000000000036,0.40000000000000036,0.8999999999999999
slr_gis_Int_2040_2070,1.0999999999999996,1.2999999999999998,1.3999999999999995,1.8004999999999993
slr_glaciers_Int_2040_2070,0.5,0.7000000000000002,0.8000000000000007,1.1504999999999999
slr_landwater_Int_2040_2070,0.10000000000000009,0.19999999999999996,0.30000000000000004,0.30000000000000004
slr_massdef_Int_2040_2070,1.4000000000000004,1.9000000000000004,2.25,3.0500000000000007
slr_total_IntHigh_2040_2070,3.949999999999997,5.0,5.799999999999997,7.803499999999994
slr_ocean_dyn_IntHigh_2040_2070,1.3100000000000025,1.5999999999999996,1.700000000000001,2.0504999999999987
slr_vlm_IntHigh_2040_2070,0.6,0.7,0.8,1.0
slr_ais_IntHigh_2040_2070,0.8000000000000007,0.9500000000000011,1.0999999999999996,2.3000000000000007
slr_gis_IntHigh_2040_2070,2.5999999999999996,3.200000000000001,3.5,4.5005
slr_glaciers_IntHigh_2040_2070,0.5,0.6000000000000005,0.7999999999999998,1.0499999999999998
slr_landwater_IntHigh_2040_2070,0.09999999999999987,0.19999999999999996,0.19999999999999996,0.29999999999999993
slr_massdef_IntHigh_2040_2070,2.9499999999999993,3.5500000000000043,4.352499999999999,5.351000000000004
slr_total_High_2040_2070,5.75,7.1550000000000065,8.152500000000003,12.200500000000002
slr_ocean_dyn_High_2040_2070,1.3500000000000014,1.5999999999999996,1.799999999999999,2.2504999999999997
slr_vlm_High_2040_2070,0.5,0.7,0.8,1.0
slr_ais_High_2040_2070,2.0,2.299999999999997,2.599999999999998,4.802999999999995
slr_gis_High_2040_2070,5.399999999999999,6.649999999999999,7.104999999999997,9.400999999999998
slr_glaciers_High_2040_2070,0.5,0.6999999999999994,0.8000000000000007,1.1500000000000004
slr_landwater_High_2040_2070,0.10000000000000009,0.25,0.30000000000000004,0.30000000000000004
slr_massdef_High_2040_2070,5.75,6.850000000000001,7.850000000000001,10.0545
slr_total_Low_2050_2080,1.0,1.2500000000000018,1.5999999999999996,1.799999999999999
slr_ocean_dyn_Low_2050_2080,0.5,0.5,0.6000000000000001,0.6500000000000004
slr_vlm_Low_2050_2080,0.5,0.65,0.7999999999999999,1.0
slr_ais_Low_2050_2080,0.0,0.0,0.0,0.0
slr_gis_Low_2050_2080,0.40000000000000013,0.5000000000000002,0.6000000000000001,0.7000000000000002
slr_glaciers_Low_2050_2080,0.20000000000000018,0.30000000000000027,0.3999999999999999,0.5
slr_landwater_Low_2050_2080,0.09999999999999987,0.19999999999999996,0.29999999999999993,0.30000000000000004
slr_massdef_Low_2050_2080,0.6500000000000004,0.8499999999999996,1.0999999999999996,1.6999999999999993
slr_total_IntLow_2050_2080,1.2999999999999978,1.6999999999999993,2.0000000000000036,2.950499999999999
slr_ocean_dyn_IntLow_2050_2080,0.6000000000000005,0.7000000000000002,0.7999999999999998,1.0
slr_vlm_IntLow_2050_2080,0.5,0.7,0.8,0.9504999999999995
slr_ais_IntLow_2050_2080,0.2999999999999998,0.30000000000000027,0.3999999999999999,0.9000000000000004
slr_gis_IntLow_2050_2080,0.7999999999999998,0.8999999999999999,1.0,1.2504999999999995
slr_glaciers_IntLow_2050_2080,0.3999999999999999,0.5,0.5999999999999996,0.7999999999999998
slr_landwater_IntLow_2050_2080,0.19999999999999996,0.19999999999999996,0.30000000000000004,0.4
slr_massdef_IntLow_2050_2080,1.0999999999999996,1.5,1.6999999999999993,2.1999999999999993
slr_total_Int_2050_2080,2.1999999999999957,3.405000000000006,4.852499999999999,5.8005
slr_ocean_dyn_Int_2050_2080,1.3499999999999979,1.5500000000000007,1.700000000000001,2.1500000000000004
slr_vlm_Int_2050_2080,0.5,0.7,0.7999999999999999,1.0004999999999995
slr_ais_Int_2050_2080,0.5,0.6499999999999988,0.8024999999999984,1.3004999999999984
slr_gis_Int_2050_2080,1.2000000000000002,1.5,1.6000000000000005,2.0999999999999996
slr_glaciers_Int_2050_2080,0.5600000000000027,0.75,1.0,1.2999999999999998
slr_landwater_Int_2050_2080,0.11000000000000237,0.19999999999999996,0.30000000000000004,0.3500000000000001
slr_massdef_Int_2050_2080,1.8000000000000007,2.4550000000000005,2.9499999999999993,3.8009999999999997
slr_total_IntHigh_2050_2080,5.549999999999999,6.600000000000002,7.699999999999997,10.450000000000003
slr_ocean_dyn_IntHigh_2050_2080,1.2100000000000029,1.450000000000001,1.6499999999999986,2.0
slr_vlm_IntHigh_2050_2080,0.55,0.7,0.8,1.0
slr_ais_IntHigh_2050_2080,0.6999999999999993,1.25,1.5,2.4000000000000004
slr_gis_IntHigh_2050_2080,3.1000000000000014,3.8000000000000007,4.100000000000001,5.301
slr_glaciers_IntHigh_2050_2080,0.5,0.7000000000000002,0.8999999999999995,1.1999999999999993
slr_landwater_IntHigh_2050_2080,0.1499999999999999,0.19999999999999996,0.25,0.3004999999999995
slr_massdef_IntHigh_2050_2080,3.75,4.755000000000007,5.502499999999998,6.850999999999994
slr_total_High_2050_2080,7.760000000000002,8.75,10.100000000000009,14.251
slr_ocean_dyn_High_2050_2080,1.2499999999999982,1.5,1.6999999999999993,2.150500000000002
slr_vlm_High_2050_2080,0.5,0.65,0.75,1.0
slr_ais_High_2050_2080,3.1999999999999957,3.75,4.199999999999996,8.25
slr_gis_High_2050_2080,6.500000000000001,8.0,8.600000000000001,11.201500000000001
slr_glaciers_High_2050_2080,0.5999999999999996,0.7999999999999998,1.0,1.2999999999999998
slr_landwater_High_2050_2080,0.19999999999999996,0.19999999999999996,0.30000000000000004,0.35049999999999965
slr_massdef_High_2050_2080,7.460000000000004,8.349999999999994,9.099999999999994,13.409499999999998
slr_total_Low_2060_2090,0.9500000000000011,1.2050000000000018,1.549999999999999,1.8005000000000002
slr_ocean_dyn_Low_2060_2090,0.25,0.30000000000000027,0.3999999999999999,0.5
slr_vlm_Low_2060_2090,0.5,0.7,0.8,1.0
slr_ais_Low_2060_2090,0.0,0.0,0.050000000000000044,0.09999999999999998
slr_gis_Low_2060_2090,0.45,0.5999999999999999,0.5999999999999999,0.7999999999999998
slr_glaciers_Low_2060_2090,0.20000000000000018,0.2999999999999998,0.3999999999999999,0.5
slr_landwater_Low_2060_2090,0.09999999999999987,0.19999999999999996,0.29999999999999993,0.29999999999999993
slr_massdef_Low_2060_2090,0.6000000000000005,0.7999999999999998,1.1000000000000005,1.6504999999999999
slr_total_IntLow_2060_2090,1.3500000000000014,1.9000000000000021,2.4499999999999993,3.0514999999999994
slr_ocean_dyn_IntLow_2060_2090,0.40000000000000036,0.5,0.5499999999999998,0.8000000000000007
slr_vlm_IntLow_2060_2090,0.5,0.7,0.8,0.95
slr_ais_IntLow_2060_2090,0.3499999999999998,0.40000000000000036,0.5,1.2000000000000002
slr_gis_IntLow_2060_2090,0.8000000000000003,1.0,1.0999999999999996,1.4
slr_glaciers_IntLow_2060_2090,0.30000000000000027,0.4500000000000002,0.5999999999999996,0.7999999999999998
slr_landwater_IntLow_2060_2090,0.19999999999999996,0.19999999999999996,0.30000000000000004,0.35049999999999965
slr_massdef_IntLow_2060_2090,1.25,1.5999999999999996,1.8499999999999979,2.4005
slr_total_Int_2060_2090,2.75,3.9550000000000036,5.4025000000000025,6.899999999999999
slr_ocean_dyn_Int_2060_2090,1.3000000000000007,1.5500000000000007,1.7499999999999982,2.200500000000001
slr_vlm_Int_2060_2090,0.5,0.7,0.7999999999999999,1.0499999999999998
slr_ais_Int_2060_2090,1.0,1.4000000000000004,1.8000000000000007,2.6010000000000004
slr_gis_Int_2060_2090,1.3999999999999995,1.7000000000000002,1.8499999999999996,2.4000000000000004
slr_glaciers_Int_2060_2090,0.6000000000000005,0.8499999999999996,1.0999999999999996,1.4004999999999999
slr_landwater_Int_2060_2090,0.19999999999999996,0.19999999999999996,0.30000000000000004,0.34999999999999987
slr_massdef_Int_2060_2090,2.4499999999999957,3.0500000000000007,3.5500000000000043,4.449999999999999
slr_total_IntHigh_2060_2090,7.099999999999994,8.249999999999988,9.25,11.802000000000003
slr_ocean_dyn_IntHigh_2060_2090,1.299999999999999,1.549999999999999,1.6999999999999993,2.150500000000002
slr_vlm_IntHigh_2060_2090,0.6000000000000001,0.75,0.8999999999999998,1.0004999999999995
slr_ais_IntHigh_2060_2090,1.4000000000000021,2.1999999999999993,2.3999999999999986,3.602999999999999
slr_gis_IntHigh_2060_2090,3.1,3.7500000000000018,4.100000000000001,5.2010000000000005
slr_glaciers_IntHigh_2060_2090,0.5999999999999996,0.7999999999999998,1.0,1.3504999999999991
slr_landwater_IntHigh_2060_2090,0.19999999999999996,0.19999999999999996,0.19999999999999996,0.30000000000000004
slr_massdef_IntHigh_2060_2090,4.5,5.100000000000001,5.649999999999999,7.600000000000001
slr_total_High_2060_2090,9.5,10.650000000000006,12.002499999999998,16.061999999999987
slr_ocean_dyn_High_2060_2090,1.3999999999999986,1.5999999999999996,1.8000000000000007,2.3499999999999996
slr_vlm_High_2060_2090,0.5,0.6000000000000001,0.75,1.0
slr_ais_High_2060_2090,3.0999999999999956,3.9050000000000065,6.450000000000003,8.701000000000002
slr_gis_High_2060_2090,5.8999999999999995,7.354999999999999,7.852499999999999,10.301
slr_glaciers_High_2060_2090,0.6499999999999995,0.8999999999999995,1.0999999999999996,1.4004999999999999
slr_landwater_High_2060_2090,0.1499999999999999,0.19999999999999996,0.30000000000000004,0.30000000000000004
slr_massdef_High_2060_2090,8.210000000000004,9.304999999999998,10.102499999999992,13.9535
dt_mean_20_days_Low_2020,12.5,14.050000000000011,18.0,32.504999999999995
dt_mean_20_days_IntLow_2020,7.0,9.0,12.0,15.5
dt_mean_20_days_Int_2020,5.0,7.0,8.5,12.0
dt_mean_20_days_IntHigh_2020,4.5,6.0,7.0,9.504999999999995
dt_mean_20_days_High_2020,4.0,5.0,6.0,9.0
dt_mean_20_days_Low_2030,13.5,16.0,20.5,34.0
dt_mean_20_days_IntLow_2030,7.0,9.5,12.0,16.0
dt_mean_20_days_Int_2030,5.0,6.0,8.0,11.004999999999995
dt_mean_20_days_IntHigh_2030,4.0,5.0,6.0,8.504999999999995
dt_mean_20_days_High_2030,3.5,4.0,6.0,7.5
dt_mean_20_days_Low_2040,15.5,19.5,23.0,34.004999999999995
dt_mean_20_days_IntLow_2040,7.0,9.5,11.524999999999977,15.004999999999995
dt_mean_20_days_Int_2040,4.0,6.0,7.5,11.0
dt_mean_20_days_IntHigh_2040,3.5,4.0,6.0,7.0049999999999955
dt_mean_20_days_High_2040,3.0,4.0,5.0,6.0
dt_mean_20_days_Low_2050,17.0,21.0,25.5,35.50999999999999
dt_mean_20_days_IntLow_2050,7.5,10.0,11.524999999999977,15.5
dt_mean_20_days_Int_2050,4.0,5.5,7.0,9.004999999999995
dt_mean_20_days_IntHigh_2050,3.0,4.0,5.0,6.0
dt_mean_20_days_High_2050,2.0,3.0,4.0,5.0
dt_mean_20_days_Low_2060,18.100000000000023,23.0,27.5,38.51999999999998
dt_mean_20_days_IntLow_2060,7.5,10.050000000000011,12.0,16.5
dt_mean_20_days_Int_2060,3.5,5.0,6.0,8.0
dt_mean_20_days_IntHigh_2060,2.0,3.0,4.0,6.0
dt_mean_20_days_High_2060,2.0,2.0,3.0,4.0
dt_mean_26_days_Low_2020,13.5,16.0,20.0,37.014999999999986
dt_mean_26_days_IntLow_2020,7.5,10.0,12.5,17.0
dt_mean_26_days_Int_2020,5.5,7.0,9.0,13.0
dt_mean_26_days_IntHigh_2020,4.5,6.0,7.0,10.0
dt_mean_26_days_High_2020,4.0,5.0,6.5,9.0
dt_mean_26_days_Low_2030,15.5,18.0,22.5,38.5
dt_mean_26_days_IntLow_2030,8.0,10.0,13.0,17.0
dt_mean_26_days_Int_2030,5.0,6.5,8.0,12.0
dt_mean_26_days_IntHigh_2030,4.0,5.0,6.5,9.0
dt_mean_26_days_High_2030,3.5,4.0,6.0,7.5
dt_mean_26_days_Low_2040,17.5,21.55000000000001,25.5,38.504999999999995
dt_mean_26_days_IntLow_2040,8.0,10.0,12.024999999999977,16.00999999999999
dt_mean_26_days_Int_2040,4.5,6.0,8.0,11.0
dt_mean_26_days_IntHigh_2040,4.0,5.0,6.0,8.0
dt_mean_26_days_High_2040,3.0,4.0,5.0,7.0
dt_mean_26_days_Low_2050,18.5,23.5,27.5,41.5
dt_mean_26_days_IntLow_2050,8.0,10.5,12.524999999999977,17.0
dt_mean_26_days_Int_2050,4.0,6.0,7.0,10.0
dt_mean_26_days_IntHigh_2050,3.0,4.0,5.0,7.0
dt_mean_26_days_High_2050,2.0,3.0,4.0,5.0
dt_mean_26_days_Low_2060,20.5,25.5,30.024999999999977,43.014999999999986
dt_mean_26_days_IntLow_2060,7.5,11.0,13.5,18.0
dt_mean_26_days_Int_2060,4.0,5.0,6.5,8.5
dt_mean_26_days_IntHigh_2060,2.0,3.0,4.024999999999977,6.0
dt_mean_26_days_High_2060,2.0,2.0500000000000114,3.0,4.0
dt_mean_50_days_Low_2020,17.5,21.0,25.0,48.0
dt_mean_50_days_IntLow_2020,9.5,12.0,14.0,19.504999999999995
dt_mean_50_days_Int_2020,6.0,7.0,9.5,13.504999999999995
dt_mean_50_days_IntHigh_2020,5.0,6.0,7.524999999999977,11.0
dt_mean_50_days_High_2020,4.5,6.0,6.5,9.0
dt_mean_50_days_Low_2030,20.5,24.0,28.0,48.004999999999995
dt_mean_50_days_IntLow_2030,9.5,11.050000000000011,14.5,19.5
dt_mean_50_days_Int_2030,6.0,7.0,9.0,13.0
dt_mean_50_days_IntHigh_2030,5.0,5.5,7.0,9.5
dt_mean_50_days_High_2030,4.0,5.0,6.0,8.0
dt_mean_50_days_Low_2040,22.100000000000023,27.05000000000001,31.0,50.0
dt_mean_50_days_IntLow_2040,9.0,12.0,14.5,20.0
dt_mean_50_days_Int_2040,5.0,7.0,8.5,12.0
dt_mean_50_days_IntHigh_2040,4.0,5.0,6.0,8.0
dt_mean_50_days_High_2040,3.0,4.0,5.0,7.0
dt_mean_50_days_Low_2050,24.100000000000023,29.5,34.02499999999998,
dt_mean_50_days_IntLow_2050,9.0,12.0,14.524999999999977,21.0
dt_mean_50_days_Int_2050,5.0,6.5,8.0,11.0
dt_mean_50_days_IntHigh_2050,4.0,4.0,6.0,7.0049999999999955
dt_mean_50_days_High_2050,2.5,3.5,4.5,6.0
dt_mean_50_days_Low_2060,26.0,32.5,37.52499999999998,
dt_mean_50_days_IntLow_2060,9.5,12.5,14.524999999999977,21.004999999999995
dt_mean_50_days_Int_2060,4.5,6.0,7.0,9.0
dt_mean_50_days_IntHigh_2060,3.0,4.0,5.0,6.5
dt_mean_50_days_High_2060,2.5,3.0,4.0,5.0
dt_median_20_days_Low_2020,9.0,11.5,14.0,24.519999999999982
dt_median_20_days_IntLow_2020,8.5,10.0,11.0,16.0
dt_median_20_days_Int_2020,6.0,7.5,9.0,11.5
dt_median_20_days_IntHigh_2020,5.0,6.5,7.5,10.0
dt_median_20_days_High_2020,4.5,5.5,7.0,8.5
dt_median_20_days_Low_2030,11.0,13.0,16.0,26.514999999999986
dt_median_20_days_IntLow_2030,8.0,9.0,10.5,14.504999999999995
dt_median_20_days_Int_2030,5.5,6.5,8.0,10.5
dt_median_20_days_IntHigh_2030,5.0,5.0,6.5,8.004999999999995
dt_median_20_days_High_2030,3.5,4.0,5.5,7.0
dt_median_20_days_Low_2040,12.5,15.0,17.5,28.00999999999999
dt_median_20_days_IntLow_2040,7.5,9.0,10.5,14.0
dt_median_20_days_Int_2040,4.5,6.0,7.5,9.004999999999995
dt_median_20_days_IntHigh_2040,3.0,4.0,5.5,7.0
dt_median_20_days_High_2040,3.0,3.0,4.5,6.0
dt_median_20_days_Low_2050,14.0,17.5,21.5,30.5
dt_median_20_days_IntLow_2050,7.5,9.0,11.0,14.0
dt_median_20_days_Int_2050,4.0,5.0,6.5,8.504999999999995
dt_median_20_days_IntHigh_2050,3.0,3.5,4.5,6.0
dt_median_20_days_High_2050,2.0,3.0,3.5,5.0
dt_median_20_days_Low_2060,14.600000000000023,18.5,23.024999999999977,32.02499999999998
dt_median_20_days_IntLow_2060,7.0,9.0,10.5,15.0
dt_median_20_days_Int_2060,3.5,4.5,6.0,7.0
dt_median_20_days_IntHigh_2060,2.0,3.0,4.0,5.0
dt_median_20_days_High_2060,2.0,2.0,3.0,4.0
dt_median_26_days_Low_2020,11.100000000000023,14.0,16.0,27.024999999999977
dt_median_26_days_IntLow_2020,9.0,10.5,12.0,16.5
dt_median_26_days_Int_2020,6.5,8.0,9.024999999999977,12.0
dt_median_26_days_IntHigh_2020,5.5,7.0,8.0,9.5
dt_median_26_days_High_2020,5.0,6.0,7.0,9.0
dt_median_26_days_Low_2030,13.5,15.5,17.5,29.00999999999999
dt_median_26_days_IntLow_2030,8.5,10.0,11.524999999999977,16.0
dt_median_26_days_Int_2030,6.0,7.0,8.024999999999977,11.0
dt_median_26_days_IntHigh_2030,5.0,6.0,7.0,8.0
dt_median_26_days_High_2030,4.0,5.0,6.0,7.5
dt_median_26_days_Low_2040,14.5,17.05000000000001,20.0,31.004999999999995
dt_median_26_days_IntLow_2040,8.5,10.0,12.0,15.004999999999995
dt_median_26_days_Int_2040,5.5,6.5,8.0,9.509999999999991
dt_median_26_days_IntHigh_2040,4.0,5.0,6.0,7.0049999999999955
dt_median_26_days_High_2040,3.0,3.5,5.0,6.0
dt_median_26_days_Low_2050,16.0,20.5,23.5,31.529999999999973
dt_median_26_days_IntLow_2050,8.0,10.0,12.0,15.0
dt_median_26_days_Int_2050,5.0,6.0,7.0,9.0
dt_median_26_days_IntHigh_2050,3.0,3.5,5.0,6.5
dt_median_26_days_High_2050,2.0,3.0,3.5,5.0049999999999955
dt_median_26_days_Low_2060,17.0,21.0,26.0,34.51999999999998
dt_median_26_days_IntLow_2060,8.0,9.5,12.5,16.0
dt_median_26_days_Int_2060,4.0,5.0,6.5,8.0
dt_median_26_days_IntHigh_2060,3.0,3.0,4.0,6.0
dt_median_26_days_High_2060,2.0,2.0,3.0,4.0
dt_median_50_days_Low_2020,16.0,18.5,21.0,35.0
dt_median_50_days_IntLow_2020,10.5,12.0,14.0,18.0
dt_median_50_days_Int_2020,7.0,8.5,10.0,12.5
dt_median_50_days_IntHigh_2020,6.0,7.0,8.0,10.0
dt_median_50_days_High_2020,5.0,6.0,7.0,9.0
dt_median_50_days_Low_2030,18.0,20.0,23.5,38.5
dt_median_50_days_IntLow_2030,11.0,12.5,14.0,18.0
dt_median_50_days_Int_2030,7.0,8.0,9.0,11.504999999999995
dt_median_50_days_IntHigh_2030,5.0,6.5,7.0,9.0
dt_median_50_days_High_2030,4.0,5.0,6.0,8.0
dt_median_50_days_Low_2040,20.0,23.0,26.5,38.004999999999995
dt_median_50_days_IntLow_2040,10.5,12.0,14.0,18.0
dt_median_50_days_Int_2040,6.0,7.050000000000011,8.5,11.0
dt_median_50_days_IntHigh_2040,5.0,5.0,6.0,8.0
dt_median_50_days_High_2040,3.5,4.0,5.0,7.0
dt_median_50_days_Low_2050,21.5,25.0,29.0,41.504999999999995
dt_median_50_days_IntLow_2050,10.0,12.0,14.0,18.004999999999995
dt_median_50_days_Int_2050,6.0,7.0,8.0,9.504999999999995
dt_median_50_days_IntHigh_2050,3.6000000000000227,4.0,5.0,7.0
dt_median_50_days_High_2050,3.0,3.0,4.0,6.0
dt_median_50_days_Low_2060,22.0,26.0,30.024999999999977,47.514999999999986
dt_median_50_days_IntLow_2060,10.0,12.0,14.024999999999977,18.014999999999986
dt_median_50_days_Int_2060,5.0,6.0,7.0,8.5
dt_median_50_days_IntHigh_2060,3.1000000000000227,4.0,4.5,6.5
dt_median_50_days_High_2060,2.0,2.5500000000000114,3.0,5.0
